comparison,tracklet_key,success_delta_left_minus_right,precision_delta_left_minus_right,center_error_delta_left_minus_right,center_error_gain_left_over_right,empty_fallback_delta_left_minus_right,max_failure_streak_delta_left_minus_right,path_center_gap_delta_left_minus_right
true:fixed,007842c92eaf4351b5a9678f7e7094f3,0.0,0.0,0.0,0.0,0,0,
true:fixed,045cd82a77a1472499e8c15100cb5ff3,0.0,0.0,-0.0015834317239811213,0.0015834317239811213,0,0,
true:fixed,06ff24b7f1e8479b934f1b74348028bc,0.45454545454545503,0.0,-1.4590321353208644,1.4590321353208644,0,0,
true:fixed,0b2ef8648d3c467989b67d5a3ce2a3df,0.0,0.0,-0.002976925572407474,0.002976925572407474,0,0,
true:fixed,0bfc7d407d09490cba7ac57897fcb100,0.3999999999999915,-0.20000000000000284,-0.006141763246989035,0.006141763246989035,0,0,
true:fixed,0cfdfb5bbe8a41268271e24f2edefb9c,0.0,0.0,-0.0007321474815996099,0.0007321474815996099,0,0,
true:fixed,11a08ff383a6451bbda6b9af56cfa6e2,0.1612903225806548,0.48387096774193594,-0.00715519564276107,0.00715519564276107,0,0,
true:fixed,1377fe4255444b1495d0ccb972d8ef98,0.0,0.0,0.00035758267346674283,-0.00035758267346674283,0,0,
true:fixed,143ecd5e93614768bdb3da695e76c409,-0.21739130434782794,-0.21739130434782794,0.003743666610651397,-0.003743666610651397,0,0,
true:fixed,19f5d51759454803ae8bbc45bfb92737,0.0,0.0,-0.002430338196077575,0.002430338196077575,0,0,
true:fixed,1a018f3bcdea44f9ab60912938495032,0.0,0.0,0.9827922122788628,-0.9827922122788628,0,0,
true:fixed,1e4a740fd22b44dda3eed861e6e3f170,0.0,0.0,-0.0005873851261464225,0.0005873851261464225,0,0,
true:fixed,1f8d7e8410ed435da374688590a13b0a,0.0,0.0,0.0,0.0,0,0,
true:fixed,200c440c0e9b4627ad4f3047227016a2,0.0,0.0,0.0017341399799164492,-0.0017341399799164492,0,0,
true:fixed,2197057ff31949819b309f2c7ec9a113,0.0,0.0,0.0009308731031280049,-0.0009308731031280049,0,0,
true:fixed,29d3fb54f8b746118133456815b12eeb,0.22727272727271952,0.0,-0.0008408187592517935,0.0008408187592517935,0,0,
true:fixed,29f69a7cb2c544c8a5ef26437a48e021,0.32258064516128826,0.0,-0.004628923956530473,0.004628923956530473,0,0,
true:fixed,2a42fd0e123c455fbaeb1c5f03dba0b2,0.0,0.0,0.0004307157753242197,-0.0004307157753242197,0,0,
true:fixed,2cc84e32d40647b185276f8d7baf5322,7.499999999999993,13.333333333333329,-0.27052056160823584,0.27052056160823584,0,0,
true:fixed,2e84949acbd84ea3857ca2a04e50b6a4,0.0,0.3333333333333286,-0.001283244273792561,0.001283244273792561,0,0,
true:fixed,2ef4b4d20b064d34b754f68e48f5a5c2,0.7142857142857153,0.0,-0.01125992972638129,0.01125992972638129,0,0,
true:fixed,307a3275c31f452eb9c7c66636c7bb27,1.0526315789473628,0.526315789473685,-0.01579136927397795,0.01579136927397795,0,0,
true:fixed,349232409f354033b215b5e37c3312ab,0.0,0.0,-5.273999122423767e-06,5.273999122423767e-06,0,0,
true:fixed,34daad97663c4e8ea00f842adc581ab5,0.0,-0.5555555555555713,0.010034645086350102,-0.010034645086350102,0,0,
true:fixed,3620feb00d744241a94855f3a8913a78,0.5714285714285694,0.142857142857153,-0.002426298141591565,0.002426298141591565,0,0,
true:fixed,377df4ee88ec46c9be892080557263f6,0.0,0.0,0.0006189389307967863,-0.0006189389307967863,0,0,
true:fixed,3eb275ac391e46aa8fad54e18a7b5a8f,0.0,0.0,0.0006496658141343925,-0.0006496658141343925,0,0,
true:fixed,3eff2b1ecf29497e9967dd21509431fe,0.0,0.0,0.001034156776160422,-0.001034156776160422,0,0,
true:fixed,486ade171d7a40e9b071de6d07f307aa,0.0,0.0,2.6062950086003234e-05,-2.6062950086003234e-05,0,0,
true:fixed,48d06a263b314b48bd41343ea5f5d158,0.1785714285714306,0.0,0.0009732558832778182,-0.0009732558832778182,0,0,
true:fixed,4a8058d0441a46d381995e1af1086039,0.3125,0.0,-0.0011720752381781663,0.0011720752381781663,0,0,
true:fixed,52770232202d4ad1a98ed07d5b4c20b9,-0.4166666666666572,-0.5555555555555571,0.00505164921188922,-0.00505164921188922,0,0,
true:fixed,55527032f0174fefa3b051a24707bf08,0.1282051282051242,0.0,-0.0013996049933816535,0.0013996049933816535,0,0,
true:fixed,58ead1aad9b544b4b8126d8723f2764f,0.0,0.0,0.0,0.0,0,0,
true:fixed,5cba59926dd04bcfaf994ab682e07460,0.0,0.0,0.0,0.0,0,0,
true:fixed,6346de1c47584b34833d6df500d2ed6c,-1.4210854715202004e-14,-0.2083333333333286,0.0028307852474956374,-0.0028307852474956374,0,0,
true:fixed,63510eb8f6ed4b3189002b1f2648ea1f,-0.1923076923076934,0.673076923076934,-0.016038203948834484,0.016038203948834484,0,-1,
true:fixed,64b22104a573415a8c860fc22214619c,0.0,-0.1785714285714306,0.017951541069731736,-0.017951541069731736,0,0,
true:fixed,64ce64c25d424c3088db384021d8dbb3,0.0,0.0,0.00014466657155777496,-0.00014466657155777496,0,0,
true:fixed,65acd0cbce474d9cb2eef362a1b279be,0.0,0.1219512195121979,-0.0028896605846467915,0.0028896605846467915,0,0,
true:fixed,6786acf4f6b644639d550c608785320f,-1.428571428571427,-3.4285714285714377,0.0643697736031178,-0.0643697736031178,0,0,
true:fixed,68dbf490d231446f92fa7dbd366c8b93,0.21739130434782794,0.0,-0.00023339914907408166,0.00023339914907408166,0,0,
true:fixed,6ad58d370ed542a9a68e1fcf5a4f2ee7,-0.16666666666666785,0.0,0.0007268948533061259,-0.0007268948533061259,0,0,
true:fixed,6dafc154a9ef43ff8fd680620dc90433,0.0,-0.18518518518519045,-0.0015204575246782481,0.0015204575246782481,0,0,
true:fixed,6f1f46b67f3d430cbf417e750fcec3c7,0.0,0.0,0.0,0.0,0,0,
true:fixed,713b6bedc51f4d1b9802a13aec39aaf3,0.0,-0.5882352941176521,0.004922763480733866,-0.004922763480733866,0,0,
true:fixed,71cb36c9a35343b7961454d5c3695a9f,0.0,0.0,0.0,0.0,0,0,
true:fixed,720ca55c654a4ac8bfe9babd1c1072be,0.0,-0.20000000000000284,0.0007329159823347697,-0.0007329159823347697,0,0,
true:fixed,7328a1bef88b4e84aa2ee0d837effd8d,0.0,0.0,0.0,0.0,0,0,
true:fixed,749bf5675a3d435a987f0b8582e93509,0.0,0.0,0.0,0.0,0,0,
true:fixed,7581fd7e9c0f426cb0efb9ea1f3f2830,0.0,0.0,-0.0019757757527510272,0.0019757757527510272,0,0,
true:fixed,77268b95b44a4b89ad17df89479de81c,0.0,-0.2083333333333286,4.3326109279817615e-05,-4.3326109279817615e-05,0,0,
true:fixed,7a2612095f7840048f58d69a07e836a5,-1.9230769230769198,-0.5769230769230944,0.01606812131085117,-0.01606812131085117,0,0,
true:fixed,802bbdc22d21477f8803a39a5e7e98bf,0.0,0.0,-1.2190622382057814e-05,1.2190622382057814e-05,0,0,
true:fixed,8096b5ad8e334c2eabffca9cf3bbf08a,0.0,0.0,0.0005161871159312659,-0.0005161871159312659,0,0,
true:fixed,84755505e70547af890aff9db860f692,0.0,0.0,0.000316140096746631,-0.000316140096746631,0,0,
true:fixed,85269a87307a4ee3967e37b496e32280,0.5,0.75,-0.009998455989353006,0.009998455989353006,0,0,
true:fixed,856aeb4fa2024f1284c6290a44e9dec5,0.5405405405405332,0.13513513513514397,-0.0021420193862683456,0.0021420193862683456,0,0,
true:fixed,898c8b3c29d64d80806dd5e5fc6c02d3,0.0,0.0,-0.0008232379782713711,0.0008232379782713711,0,0,
true:fixed,8ce4fe54af77467d90c840465f69677f,0.0,0.0,-1.1600815372603268e-05,1.1600815372603268e-05,0,0,
true:fixed,8fba9861aa6d4d14b78c90fbb5372fb2,0.0,-0.13888888888888573,0.001554495742375428,-0.001554495742375428,0,0,
true:fixed,96c353e8f14d4a63ba2b844d43cffc42,0.0,0.0,-0.00046042138694848966,0.00046042138694848966,0,0,
true:fixed,98eef3fdea464efd92fb6aaf0ebe8c9a,0.0,0.0,8.820375790175028e-05,-8.820375790175028e-05,0,0,
true:fixed,9c5151b34911482f8155ab55c3f5d32f,0.0,0.0,-0.0017084612936244525,0.0017084612936244525,0,0,
true:fixed,9ca01ff2a1b54d2eafaed768e58783ad,-0.14705882352941302,-0.1470588235294059,0.0015706661599598215,-0.0015706661599598215,0,0,
true:fixed,9e5f09bc19cd473dae219194ada64f3d,0.0,0.2380952380952408,-0.016309671292467853,0.016309671292467853,0,0,
true:fixed,a1cc58fdb3fa4a0097a315a77ce1be90,-1.4210854715202004e-14,-0.27777777777777146,0.0015730468430746325,-0.0015730468430746325,0,0,
true:fixed,a661e4cd1f644266a8307b4948082ae7,-0.15151515151515582,0.0,0.000638966386954487,-0.000638966386954487,0,0,
true:fixed,a6ca1e8c4eee458cb4981e02f58c954f,-0.3125,-0.3125,-0.0005750572742356796,0.0005750572742356796,0,0,
true:fixed,a9916751b03c494dafa2eddc4496e702,0.0,0.0,-9.982474718855938e-05,9.982474718855938e-05,0,0,
true:fixed,aa8f809da9ce441ab1b01fac18e6f97b,0.0,0.0,0.00018107093860275647,-0.00018107093860275647,0,0,
true:fixed,ab820b691d3446ea889a70cd429cd931,0.0,0.0,2.391626622866294e-05,-2.391626622866294e-05,0,0,
true:fixed,afff27c4b3934c59837d2294137735d5,0.0,0.0,0.0,0.0,0,0,
true:fixed,b673cf89298845398bf0252c52e5affd,0.0,0.0,3.438712263196045e-05,-3.438712263196045e-05,0,0,
true:fixed,b9df4a8540da4a3a94d7911ead8c1bc8,-1.0,0.0,0.0060956034958689065,-0.0060956034958689065,0,0,
true:fixed,ba7ec913a8d8494e98ff60579a32acce,0.0,0.0,0.0,0.0,0,0,
true:fixed,bbe3bc5ca1434a2ea802f5ed5062785e,-0.20000000000000284,0.0,0.0009484858021169551,-0.0009484858021169551,0,0,
true:fixed,c283b224a9984736bff67a2f347866fa,0.0,0.0,0.0007071811562653352,-0.0007071811562653352,0,0,
true:fixed,c7bb896c68f748c9b735ca9df26435de,-0.9999999999999858,0.0,9.874679471061354e-05,-9.874679471061354e-05,0,0,
true:fixed,ca3f0ced132845b4afce73a6f27a953e,-0.3333333333333286,0.0,0.0016236184176036395,-0.0016236184176036395,0,0,
true:fixed,ca5b3ca5aea745ee8fe12b0f74d77f8e,-0.1250000000000071,-0.125,0.0015189309928471673,-0.0015189309928471673,0,0,
true:fixed,d0f5aace57684923b8a44b554b006fb2,0.0,0.0,0.0015258647716810403,-0.0015258647716810403,0,0,
true:fixed,d71462c2ae74472bae3adbf7a41b2fc7,0.0,0.0,0.030333979539162614,-0.030333979539162614,0,0,
true:fixed,db7d65690f2e412e887468596e2ddabf,0.0,0.0,0.0010143727018229187,-0.0010143727018229187,0,0,
true:fixed,dc762bf1bc694d3e8141bf592f9b1456,0.0,0.0,-0.0032910117776747683,0.0032910117776747683,0,0,
true:fixed,dce1fda2d70945c792dcc27074ec6aa9,0.0,0.0,-5.356570526671156e-05,5.356570526671156e-05,0,0,
true:fixed,e2878e5b8aa849a18e39baee3f3440bd,0.2439024390243958,0.1219512195121979,-0.0015586686485469792,0.0015586686485469792,0,0,
true:fixed,e3f3d97fa9564422a37828d01c8a2f5f,2.391304347826079,1.7391304347826093,-0.03848719234708936,0.03848719234708936,0,0,
true:fixed,e561b60694dc4514b6dddcfc5a5b6a90,0.0,0.0,0.00017803824073645003,-0.00017803824073645003,0,0,
true:fixed,e5cabb9d6b474377a206feab4ec64d3f,0.0,0.0,0.0009786262202611251,-0.0009786262202611251,0,0,
true:fixed,e73ba8faf67d40c8b6b653489393ef8b,0.0,0.0,-0.0031209047357244613,0.0031209047357244613,0,0,
true:fixed,eaaf60765ee8478f8e0bd4942571c6fb,0.0,0.1282051282051313,-0.0023664074084549513,0.0023664074084549513,0,0,
true:fixed,ebb251e1e8b144c697dc28c22bb44b13,0.0,0.0,-0.00013459204396668034,0.00013459204396668034,0,0,
true:fixed,ec221beba32448e4a9865e920aeefed5,0.3125000000000071,0.0,-0.001125292614881701,0.001125292614881701,0,0,
true:fixed,ec2a550c52b240d98c9c3bca3d06602f,0.0,0.0,0.000889212917480009,-0.000889212917480009,0,0,
true:fixed,ec5241e32939433baeb2b3955920b28c,-0.48387096774194305,-0.1612903225806548,0.0029192073387300232,-0.0029192073387300232,0,0,
true:fixed,f1335e8d0b7c40988d9ab522b5993d3d,0.0,0.0,4.919192548996643e-06,-4.919192548996643e-06,0,0,
true:fixed,f2d9e6f194ee446eafc7a79fcb32994a,0.0,0.0,0.00035187866441167837,-0.00035187866441167837,0,0,
true:fixed,f3995943006145ca8a7bc375527f0aba,0.0,0.0,0.0004884536334159861,-0.0004884536334159861,0,0,
true:fixed,f4af7fd215ee47aa8b64bac0443d7be8,0.0,0.0,0.0,0.0,0,0,
true:fixed,f5c0c1968ef0486cb3183e521841352f,0.0,0.0,-0.0009434120318424916,0.0009434120318424916,0,0,
true:fixed,f7f666bf92c049bea8fabc42a8831005,-0.4999999999999858,0.0,0.0022379549492689624,-0.0022379549492689624,0,0,
true:fixed,f987ba5f8e6243889a731f8cffe1934b,0.0,0.0,-0.0008344731862404142,0.0008344731862404142,0,0,
true:fixed,fa6ddc168ffb4ab88b718f719357211e,0.0,0.30303030303032585,-0.005840528325397443,0.005840528325397443,0,0,
true:fixed,fd4ce422e0db4ad3ab978a811ba04d3a,-0.13888888888889284,0.0,0.002006956092002299,-0.002006956092002299,0,0,
true:fixed,fe050ab6b19d41d8bc2641f9835e9d1b,0.0,0.0,-6.032949109779917e-05,6.032949109779917e-05,0,0,
true:shuffled,007842c92eaf4351b5a9678f7e7094f3,0.0,0.0,0.0,0.0,0,0,
true:shuffled,045cd82a77a1472499e8c15100cb5ff3,0.0,0.0,-0.00563663373623946,0.00563663373623946,0,0,
true:shuffled,06ff24b7f1e8479b934f1b74348028bc,0.45454545454545503,0.0,-1.548406301259866,1.548406301259866,0,0,
true:shuffled,0b2ef8648d3c467989b67d5a3ce2a3df,0.0,0.0,-0.006935675168716848,0.006935675168716848,0,0,
true:shuffled,0bfc7d407d09490cba7ac57897fcb100,0.19999999999998863,0.0,-0.0015091362782503615,0.0015091362782503615,0,0,
true:shuffled,0cfdfb5bbe8a41268271e24f2edefb9c,0.0,0.0,-2.2541120851149454e-05,2.2541120851149454e-05,0,0,
true:shuffled,11a08ff383a6451bbda6b9af56cfa6e2,0.1612903225806548,0.8064516129032171,-0.007753652190057914,0.007753652190057914,0,0,
true:shuffled,1377fe4255444b1495d0ccb972d8ef98,0.0,0.0,-9.883890078435376e-05,9.883890078435376e-05,0,0,
true:shuffled,143ecd5e93614768bdb3da695e76c409,0.0,-0.21739130434782794,0.001005178366410453,-0.001005178366410453,0,0,
true:shuffled,19f5d51759454803ae8bbc45bfb92737,0.0,0.0,-0.0018041125210865872,0.0018041125210865872,0,0,
true:shuffled,1a018f3bcdea44f9ab60912938495032,0.0,0.0,0.9805131450796338,-0.9805131450796338,0,0,
true:shuffled,1e4a740fd22b44dda3eed861e6e3f170,0.0,0.0,-0.0004302736876617419,0.0004302736876617419,0,0,
true:shuffled,1f8d7e8410ed435da374688590a13b0a,0.0,0.0,0.0,0.0,0,0,
true:shuffled,200c440c0e9b4627ad4f3047227016a2,0.0,0.0,0.0,0.0,0,0,
true:shuffled,2197057ff31949819b309f2c7ec9a113,0.0,0.0,0.0009929071049478155,-0.0009929071049478155,0,0,
true:shuffled,29d3fb54f8b746118133456815b12eeb,0.22727272727271952,0.0,-0.0007664272115840975,0.0007664272115840975,0,0,
true:shuffled,29f69a7cb2c544c8a5ef26437a48e021,0.8064516129032384,0.6451612903225765,-0.010522766134676953,0.010522766134676953,0,0,
true:shuffled,2a42fd0e123c455fbaeb1c5f03dba0b2,0.0,0.0,0.0003766757331036541,-0.0003766757331036541,0,0,
true:shuffled,2cc84e32d40647b185276f8d7baf5322,7.499999999999993,13.333333333333329,-0.27245445773133997,0.27245445773133997,0,0,
true:shuffled,2e84949acbd84ea3857ca2a04e50b6a4,0.0,0.3333333333333286,-0.0017231833815971598,0.0017231833815971598,0,0,
true:shuffled,2ef4b4d20b064d34b754f68e48f5a5c2,1.4285714285714377,0.5357142857142776,-0.0168395703572497,0.0168395703572497,0,0,
true:shuffled,307a3275c31f452eb9c7c66636c7bb27,0.0,0.0,0.00047134285703642753,-0.00047134285703642753,0,0,
true:shuffled,349232409f354033b215b5e37c3312ab,0.0,0.0,-9.091581193970688e-06,9.091581193970688e-06,0,0,
true:shuffled,34daad97663c4e8ea00f842adc581ab5,0.0,0.0,0.006858460162360969,-0.006858460162360969,0,0,
true:shuffled,3620feb00d744241a94855f3a8913a78,-1.142857142857146,-1.1428571428571388,0.013666153346164056,-0.013666153346164056,0,0,
true:shuffled,377df4ee88ec46c9be892080557263f6,0.0,0.0,-1.426716108687831e-05,1.426716108687831e-05,0,0,
true:shuffled,3eb275ac391e46aa8fad54e18a7b5a8f,0.0,0.0,-0.0013613645550865083,0.0013613645550865083,0,0,
true:shuffled,3eff2b1ecf29497e9967dd21509431fe,0.3571428571428612,0.0,-0.00523686396936851,0.00523686396936851,0,0,
true:shuffled,486ade171d7a40e9b071de6d07f307aa,0.0,0.0,-2.3226694227940214e-06,2.3226694227940214e-06,0,0,
true:shuffled,48d06a263b314b48bd41343ea5f5d158,0.0,0.0,1.5858030903592724e-05,-1.5858030903592724e-05,0,0,
true:shuffled,4a8058d0441a46d381995e1af1086039,0.3125,0.3125000000000142,-0.0018964587808779632,0.0018964587808779632,0,0,
true:shuffled,52770232202d4ad1a98ed07d5b4c20b9,0.13888888888889994,0.4166666666666714,-0.004082747315049096,0.004082747315049096,0,0,
true:shuffled,55527032f0174fefa3b051a24707bf08,0.1282051282051242,0.3846153846153726,-0.004987366019268857,0.004987366019268857,0,0,
true:shuffled,58ead1aad9b544b4b8126d8723f2764f,0.0,0.0,0.0,0.0,0,0,
true:shuffled,5cba59926dd04bcfaf994ab682e07460,0.0,0.0,0.0,0.0,0,0,
true:shuffled,6346de1c47584b34833d6df500d2ed6c,0.0,0.6250000000000142,-0.005074713504118034,0.005074713504118034,0,0,
true:shuffled,63510eb8f6ed4b3189002b1f2648ea1f,-0.7692307692307665,2.307692307692328,-0.05175605636466096,0.05175605636466096,0,-2,
true:shuffled,64b22104a573415a8c860fc22214619c,0.0,0.0,0.020268107537857016,-0.020268107537857016,0,0,
true:shuffled,64ce64c25d424c3088db384021d8dbb3,0.0,0.0,3.0619175582960456e-05,-3.0619175582960456e-05,0,0,
true:shuffled,65acd0cbce474d9cb2eef362a1b279be,0.0,0.24390243902438868,-0.0013578473553121917,0.0013578473553121917,0,0,
true:shuffled,6786acf4f6b644639d550c608785320f,0.1428571428571388,0.0,-0.0007329282318128127,0.0007329282318128127,0,0,
true:shuffled,68dbf490d231446f92fa7dbd366c8b93,0.21739130434782794,0.0,-0.0007989127039811361,0.0007989127039811361,0,0,
true:shuffled,6ad58d370ed542a9a68e1fcf5a4f2ee7,0.0,0.0,0.00023629487661436244,-0.00023629487661436244,0,0,
true:shuffled,6dafc154a9ef43ff8fd680620dc90433,0.0,0.0,-4.345534432612097e-05,4.345534432612097e-05,0,0,
true:shuffled,6f1f46b67f3d430cbf417e750fcec3c7,0.0,0.0,0.0,0.0,0,0,
true:shuffled,713b6bedc51f4d1b9802a13aec39aaf3,0.0,0.0,-8.437955342399661e-05,8.437955342399661e-05,0,0,
true:shuffled,71cb36c9a35343b7961454d5c3695a9f,0.0,0.0,0.0,0.0,0,0,
true:shuffled,720ca55c654a4ac8bfe9babd1c1072be,-0.20000000000000284,-0.4000000000000057,0.008342796197993052,-0.008342796197993052,0,0,
true:shuffled,7328a1bef88b4e84aa2ee0d837effd8d,0.0,0.0,0.0,0.0,0,0,
true:shuffled,749bf5675a3d435a987f0b8582e93509,0.0,0.0,0.0,0.0,0,0,
true:shuffled,7581fd7e9c0f426cb0efb9ea1f3f2830,0.0,0.22727272727271952,0.0005887859298964321,-0.0005887859298964321,0,0,
true:shuffled,77268b95b44a4b89ad17df89479de81c,-0.20833333333333215,0.0,0.00087251408514466,-0.00087251408514466,0,0,
true:shuffled,7a2612095f7840048f58d69a07e836a5,-1.1538461538461462,-0.9615384615384812,0.006138718262181764,-0.006138718262181764,0,0,
true:shuffled,802bbdc22d21477f8803a39a5e7e98bf,0.0,0.0,2.9661740274522508e-06,-2.9661740274522508e-06,0,0,
true:shuffled,8096b5ad8e334c2eabffca9cf3bbf08a,0.0,0.0,-0.0007115128963780526,0.0007115128963780526,0,0,
true:shuffled,84755505e70547af890aff9db860f692,0.0,0.0,0.0013027126820555068,-0.0013027126820555068,0,0,
true:shuffled,85269a87307a4ee3967e37b496e32280,0.0,0.0,0.00041198831430966365,-0.00041198831430966365,0,0,
true:shuffled,856aeb4fa2024f1284c6290a44e9dec5,0.2702702702702666,-0.13513513513514397,0.0006664398082421585,-0.0006664398082421585,0,0,
true:shuffled,898c8b3c29d64d80806dd5e5fc6c02d3,0.7142857142857082,0.0,-0.0004248803456400954,0.0004248803456400954,0,0,
true:shuffled,8ce4fe54af77467d90c840465f69677f,0.0,0.0,-0.0004494093575965197,0.0004494093575965197,0,0,
true:shuffled,8fba9861aa6d4d14b78c90fbb5372fb2,-0.27777777777777857,-0.27777777777777146,0.0045874357406109345,-0.0045874357406109345,0,0,
true:shuffled,96c353e8f14d4a63ba2b844d43cffc42,0.0,0.0,-0.0018068538729991979,0.0018068538729991979,0,0,
true:shuffled,98eef3fdea464efd92fb6aaf0ebe8c9a,0.0,0.0,0.00020866866510504956,-0.00020866866510504956,0,0,
true:shuffled,9c5151b34911482f8155ab55c3f5d32f,0.0,0.0,-0.0015808046061600578,0.0015808046061600578,0,0,
true:shuffled,9ca01ff2a1b54d2eafaed768e58783ad,0.0,0.0,-0.0013043321157327759,0.0013043321157327759,0,0,
true:shuffled,9e5f09bc19cd473dae219194ada64f3d,0.0,0.0,-0.002170946689780573,0.002170946689780573,0,0,
true:shuffled,a1cc58fdb3fa4a0097a315a77ce1be90,0.0,0.0,0.00042120215954000173,-0.00042120215954000173,0,0,
true:shuffled,a661e4cd1f644266a8307b4948082ae7,0.0,0.0,-0.0006463521251784399,0.0006463521251784399,0,0,
true:shuffled,a6ca1e8c4eee458cb4981e02f58c954f,0.0,0.0,-0.0011374732525032683,0.0011374732525032683,0,0,
true:shuffled,a9916751b03c494dafa2eddc4496e702,0.0,0.0,-0.000528706129006129,0.000528706129006129,0,0,
true:shuffled,aa8f809da9ce441ab1b01fac18e6f97b,0.0,0.0,9.843434482081914e-05,-9.843434482081914e-05,0,0,
true:shuffled,ab820b691d3446ea889a70cd429cd931,0.0,0.0,-6.671219801096528e-05,6.671219801096528e-05,0,0,
true:shuffled,afff27c4b3934c59837d2294137735d5,0.0,0.0,0.0,0.0,0,0,
true:shuffled,b673cf89298845398bf0252c52e5affd,0.0,0.0,6.443189533559407e-05,-6.443189533559407e-05,0,0,
true:shuffled,b9df4a8540da4a3a94d7911ead8c1bc8,-1.0,0.0,0.001821275418345314,-0.001821275418345314,0,0,
true:shuffled,ba7ec913a8d8494e98ff60579a32acce,0.0,0.0,0.0,0.0,0,0,
true:shuffled,bbe3bc5ca1434a2ea802f5ed5062785e,-0.20000000000000284,-0.20000000000000284,0.0014237231533778816,-0.0014237231533778816,0,0,
true:shuffled,c283b224a9984736bff67a2f347866fa,0.4166666666666643,0.0,-0.30161213792209196,0.30161213792209196,0,0,
true:shuffled,c7bb896c68f748c9b735ca9df26435de,0.0,0.0,0.000482286097843343,-0.000482286097843343,0,0,
true:shuffled,ca3f0ced132845b4afce73a6f27a953e,0.0,0.0,0.0013093342056133828,-0.0013093342056133828,0,0,
true:shuffled,ca5b3ca5aea745ee8fe12b0f74d77f8e,0.2499999999999929,-0.25,0.002223018133853061,-0.002223018133853061,0,0,
true:shuffled,d0f5aace57684923b8a44b554b006fb2,0.0,0.0,-0.0005187307334294511,0.0005187307334294511,0,0,
true:shuffled,d71462c2ae74472bae3adbf7a41b2fc7,0.0,0.0,0.029587150069599666,-0.029587150069599666,0,0,
true:shuffled,db7d65690f2e412e887468596e2ddabf,0.681818181818187,0.0,-9.366109279762558e-05,9.366109279762558e-05,0,0,
true:shuffled,dc762bf1bc694d3e8141bf592f9b1456,0.0,0.0,-0.00402650180579478,0.00402650180579478,0,0,
true:shuffled,dce1fda2d70945c792dcc27074ec6aa9,0.0,0.0,-2.880974451135998e-05,2.880974451135998e-05,0,0,
true:shuffled,e2878e5b8aa849a18e39baee3f3440bd,0.2439024390243958,0.2439024390243958,-0.0024180938080153314,0.0024180938080153314,0,0,
true:shuffled,e3f3d97fa9564422a37828d01c8a2f5f,1.0869565217391184,0.0,-0.002193370029527686,0.002193370029527686,0,0,
true:shuffled,e561b60694dc4514b6dddcfc5a5b6a90,0.0,0.0,-3.492564382573393e-05,3.492564382573393e-05,0,0,
true:shuffled,e5cabb9d6b474377a206feab4ec64d3f,-0.4999999999999858,0.0,0.0021882402647332433,-0.0021882402647332433,0,0,
true:shuffled,e73ba8faf67d40c8b6b653489393ef8b,0.0,0.0,1.926126147466789e-06,-1.926126147466789e-06,0,0,
true:shuffled,eaaf60765ee8478f8e0bd4942571c6fb,0.0,-0.6410256410256423,0.01062465504951271,-0.01062465504951271,0,0,
true:shuffled,ebb251e1e8b144c697dc28c22bb44b13,0.0,0.0,-0.00013333249930591595,0.00013333249930591595,0,0,
true:shuffled,ec221beba32448e4a9865e920aeefed5,0.0,0.0,-0.00018519229992319808,0.00018519229992319808,0,0,
true:shuffled,ec2a550c52b240d98c9c3bca3d06602f,0.0,0.0,-0.00045070529486146427,0.00045070529486146427,0,0,
true:shuffled,ec5241e32939433baeb2b3955920b28c,0.0,0.0,-0.0011447254449948874,0.0011447254449948874,0,0,
true:shuffled,f1335e8d0b7c40988d9ab522b5993d3d,0.0,0.0,1.4669131413264092e-05,-1.4669131413264092e-05,0,0,
true:shuffled,f2d9e6f194ee446eafc7a79fcb32994a,0.0,0.0,0.00034569706719014826,-0.00034569706719014826,0,0,
true:shuffled,f3995943006145ca8a7bc375527f0aba,0.0,0.0,0.0004884536334159861,-0.0004884536334159861,0,0,
true:shuffled,f4af7fd215ee47aa8b64bac0443d7be8,0.0,0.0,0.0,0.0,0,0,
true:shuffled,f5c0c1968ef0486cb3183e521841352f,0.0,0.0,-0.0017925710331646444,0.0017925710331646444,0,0,
true:shuffled,f7f666bf92c049bea8fabc42a8831005,-0.4999999999999858,0.0,0.0024052619467920117,-0.0024052619467920117,0,0,
true:shuffled,f987ba5f8e6243889a731f8cffe1934b,0.0,0.0,-0.000285453620523346,0.000285453620523346,0,0,
true:shuffled,fa6ddc168ffb4ab88b718f719357211e,1.212121212121204,1.0606060606060765,-0.01512911657984034,0.01512911657984034,0,0,
true:shuffled,fd4ce422e0db4ad3ab978a811ba04d3a,0.13888888888888573,0.4166666666666572,-0.001780835357869881,0.001780835357869881,0,0,
true:shuffled,fe050ab6b19d41d8bc2641f9835e9d1b,0.0,0.0,0.00030705465820579647,-0.00030705465820579647,0,0,
