epoch,main_prior_rmse_m,main_cv_rmse_m,main_improvement_pct,candidate0_prior_rmse_m,candidate0_cv_rmse_m,candidate0_improvement_pct,candidate_nonzero_prior_rmse_m,candidate_nonzero_cv_rmse_m,candidate_nonzero_improvement_pct,aux_prior_rmse_m,aux_cv_rmse_m,aux_improvement_pct,gap2_prior_rmse_m,gap2_cv_rmse_m,gap2_improvement_pct,gap4_prior_rmse_m,gap4_cv_rmse_m,gap4_improvement_pct,alpha_utilization,gate_applied_rate,gate_precision,helpful_rate,correction_norm_m,clip_rate,observation_error_m,prior_box_error_m,final_error_m,prior_valid_rate,history_valid_ratio,aux_history_valid_ratio,prior_loss,aux_prior_loss,fused_loss,gate_loss,actual_alpha_mean
1,0.403991,0.410639,1.618842,0.392714,0.397831,1.286214,0.407697,0.414838,1.721495,1.34225,1.385798,3.142466,0.759511,0.781789,2.849673,1.786577,1.84568,3.202203,,,,,,,,,,0.904665,0.903741,0.78579,0.025444,0.197289,,,
2,0.38453,0.398422,3.48672,0.366282,0.376809,2.793834,0.390488,0.405447,3.689352,1.307538,1.402253,6.75446,0.722569,0.768142,5.932963,1.753703,1.883926,6.912359,,,,,,,,,,0.903179,0.902156,0.784288,0.023711,0.182015,,,
3,0.406679,0.421459,3.506999,0.39348,0.40414,2.63772,0.410977,0.427067,3.767585,1.318792,1.425212,7.466968,0.735144,0.786298,6.505691,1.758266,1.903978,7.653055,,,,,,,,,,0.904814,0.902965,0.785295,0.024901,0.185835,,,
4,0.384186,0.401619,4.340576,0.404767,0.417463,3.041108,0.377086,0.396204,4.825321,1.266317,1.382338,8.39311,0.708811,0.760799,6.833449,1.689438,1.850336,8.695632,,,,,,,,,,0.905804,0.904665,0.786467,0.023259,0.179253,,,
5,0.378375,0.396649,4.606981,0.364003,0.380706,4.387307,0.382988,0.401759,4.672016,1.275414,1.397388,8.728689,0.727518,0.785939,7.433272,1.692234,1.85943,8.991789,,,,,,,,,,0.904814,0.902932,0.784122,0.023084,0.175805,,,
6,0.3756,0.394266,4.734184,0.39178,0.406274,3.567408,0.370063,0.39019,5.158368,1.26084,1.392784,9.473416,0.707138,0.767421,7.855352,1.678705,1.860822,9.786954,,,,,,,,,,0.903922,0.903097,0.786037,0.022488,0.173978,,,
7,0.374255,0.39351,4.893085,0.361168,0.373772,3.37211,0.378508,0.399859,5.339728,1.257501,1.403178,10.381935,0.708183,0.769292,7.943534,1.676946,1.881131,10.854353,,,,,,,,,,0.904368,0.903014,0.785575,0.022723,0.17384,,,
8,0.385686,0.405233,4.82354,0.395013,0.411817,4.080448,0.382523,0.403011,5.083849,1.274188,1.41523,9.966005,0.722157,0.783164,7.789829,1.692935,1.889303,10.393699,,,,,,,,,,0.904319,0.903246,0.787242,0.023275,0.175284,,,
9,0.38243,0.402392,4.960668,0.390486,0.406746,3.997607,0.379729,0.400941,5.290686,1.228123,1.382079,11.139434,0.718457,0.783939,8.352985,1.619109,1.834093,11.721511,,,,,,,,,,0.904319,0.903295,0.78508,0.023241,0.169039,,,
10,0.397266,0.417643,4.879041,0.376034,0.390783,3.774253,0.404054,0.426169,5.189086,1.250025,1.403235,10.918339,0.733148,0.797982,8.124771,1.648229,1.862546,11.506665,,,,,,,,,,0.904913,0.903642,0.787886,0.023937,0.172248,,,
11,0.37549,0.397478,5.531728,0.363265,0.380229,4.461698,0.379438,0.403007,5.848322,1.219752,1.369369,10.925976,0.69468,0.762497,8.894039,1.623017,1.830475,11.333593,0.44862,0.434057,0.628502,0.699828,0.045843,0.132226,0.357585,0.271611,0.332223,0.904665,0.903708,0.786252,0.022518,0.168263,0.068403,0.906151,0.22431
12,0.387005,0.408787,5.328251,0.402397,0.419674,4.116783,0.38177,0.405116,5.762682,1.23863,1.392664,11.060361,0.732759,0.79733,8.098402,1.635669,1.852422,11.701078,0.527301,0.590811,0.696585,0.688081,0.05457,0.13173,0.351975,0.273832,0.322464,0.903179,0.902305,0.785476,0.023728,0.168924,0.065816,0.712325,0.263651
13,0.382636,0.405529,5.645175,0.405409,0.421505,3.818664,0.374855,0.400143,6.319646,1.272253,1.422701,10.574823,0.750344,0.816845,8.141184,1.678458,1.888043,11.100631,0.534478,0.653686,0.694374,0.679569,0.054075,0.131664,0.347409,0.275975,0.318864,0.905656,0.904533,0.786863,0.023512,0.16933,0.062229,0.698234,0.267239
14,0.37589,0.398792,5.742754,0.361532,0.380296,4.934089,0.380531,0.404737,5.980749,1.24583,1.403952,11.262641,0.702549,0.769813,8.737745,1.659744,1.88076,11.751433,0.536173,0.677858,0.691486,0.664586,0.051338,0.122231,0.333551,0.273823,0.307472,0.90308,0.902024,0.783611,0.023035,0.170928,0.058548,0.692124,0.268087
15,0.381333,0.405386,5.933382,0.38236,0.403391,5.213573,0.380992,0.406044,6.169801,1.244905,1.412127,11.841892,0.698302,0.773315,9.700298,1.661541,1.893602,12.254999,0.536493,0.679731,0.699038,0.670527,0.051256,0.122415,0.332108,0.273271,0.306051,0.904319,0.902915,0.785063,0.02305,0.166871,0.058706,0.690846,0.268246
16,0.383576,0.409246,6.272509,0.387163,0.40776,5.051207,0.382384,0.409735,6.6754,1.221673,1.392166,12.246588,0.71423,0.790677,9.668518,1.612705,1.849175,12.787854,0.537329,0.704136,0.697588,0.665908,0.050987,0.118708,0.328124,0.273186,0.302841,0.903922,0.902767,0.785806,0.023321,0.166797,0.058782,0.68902,0.268665
17,0.380735,0.407078,6.471141,0.352627,0.373486,5.58493,0.389632,0.417648,6.708188,1.193282,1.361666,12.366004,0.698078,0.775965,10.03742,1.579643,1.812805,12.861921,0.535298,0.693706,0.702134,0.661579,0.049879,0.116529,0.325057,0.272407,0.300099,0.903279,0.902503,0.784651,0.022915,0.160523,0.056209,0.682813,0.267649
18,0.394668,0.42221,6.523165,0.41765,0.443797,5.891693,0.386757,0.414814,6.763651,1.225619,1.403023,12.644414,0.738553,0.812967,9.153384,1.608947,1.858375,13.421827,0.539238,0.686427,0.703029,0.658798,0.049972,0.118606,0.321703,0.273147,0.296844,0.903378,0.902139,0.785212,0.023921,0.163816,0.053982,0.68209,0.269619
19,0.362835,0.388909,6.704366,0.353714,0.375359,5.76654,0.365806,0.393294,6.989145,1.210347,1.392847,13.102665,0.690424,0.766951,9.978044,1.605785,1.860993,13.713568,0.538824,0.700046,0.688385,0.650707,0.049239,0.115123,0.317874,0.269927,0.293749,0.905111,0.903741,0.786368,0.021365,0.161947,0.053144,0.680732,0.269412
20,0.376515,0.405167,7.071566,0.379135,0.406499,6.731588,0.375648,0.404727,7.18478,1.193581,1.378127,13.391046,0.695514,0.778792,10.693248,1.579747,1.835933,13.954031,0.52995,0.683837,0.68571,0.63716,0.048412,0.116671,0.311501,0.272782,0.288614,0.903823,0.902948,0.785344,0.022565,0.162618,0.051344,0.681794,0.264975
21,0.366773,0.397384,7.702915,0.36195,0.388514,6.837193,0.368382,0.400323,7.97888,1.22121,1.408028,13.26805,0.685464,0.768231,10.773698,1.630202,1.890015,13.746625,0.538034,0.637396,0.613304,0.551499,0.037196,0.076513,0.267399,0.268146,0.255136,0.90412,0.902552,0.784667,0.021874,0.161669,0.040809,0.67152,0.269017
22,0.37672,0.406246,7.268031,0.357447,0.382503,6.550533,0.382896,0.413818,7.472293,1.173766,1.366297,14.091401,0.705891,0.788013,10.421361,1.541587,1.811516,14.90075,0.530043,0.61466,0.607401,0.534793,0.036281,0.074556,0.264507,0.270039,0.253155,0.903972,0.90275,0.784387,0.022157,0.157248,0.039583,0.668544,0.265021
23,0.369659,0.40009,7.606053,0.37982,0.409297,7.201774,0.366196,0.396961,7.7503,1.193449,1.384666,13.809563,0.683331,0.76617,10.812107,1.587419,1.854618,14.407214,0.534087,0.625425,0.605376,0.540717,0.036309,0.073336,0.257975,0.268052,0.246992,0.905458,0.903873,0.786599,0.021724,0.157051,0.037239,0.670249,0.267043
24,0.373212,0.402605,7.300705,0.384009,0.410579,6.471464,0.369539,0.399909,7.594132,1.180846,1.380168,14.441887,0.699495,0.785577,10.957758,1.556774,1.835506,15.185567,0.532788,0.600401,0.60085,0.521001,0.03559,0.070388,0.256651,0.270052,0.246139,0.906002,0.904434,0.788117,0.021962,0.157526,0.036094,0.665762,0.266394
25,0.367378,0.398049,7.70523,0.386796,0.411305,5.958793,0.36066,0.393522,8.350718,1.20001,1.391113,13.737398,0.692123,0.780751,11.351633,1.588405,1.851792,14.223323,0.534478,0.596043,0.596189,0.517141,0.035346,0.071804,0.254301,0.268296,0.244078,0.903576,0.902684,0.785509,0.021651,0.160636,0.035169,0.661598,0.267239
26,0.384238,0.413638,7.10763,0.34662,0.371666,6.738896,0.395938,0.426661,7.200761,1.172627,1.373585,14.630172,0.677802,0.765082,11.40793,1.549616,1.829027,15.276468,0.535403,0.59111,0.595215,0.513942,0.035006,0.071392,0.25398,0.271239,0.244368,0.903823,0.903246,0.785443,0.022718,0.155989,0.035534,0.662749,0.267702
27,0.381593,0.411683,7.30897,0.367056,0.390786,6.072326,0.386307,0.418402,7.670878,1.216926,1.40651,13.479014,0.696023,0.77838,10.580485,1.61442,1.878379,14.052487,0.534985,0.586488,0.589234,0.517777,0.035,0.072877,0.254108,0.270128,0.244143,0.905012,0.903493,0.785146,0.022555,0.161102,0.036188,0.662665,0.267493
28,0.381005,0.41178,7.473609,0.374391,0.400795,6.587937,0.38317,0.415353,7.748352,1.216077,1.407398,13.593912,0.708788,0.792361,10.54732,1.609108,1.875967,14.225168,0.536024,0.602787,0.590868,0.502452,0.035166,0.071733,0.249825,0.271903,0.240445,0.90417,0.903113,0.785971,0.023032,0.161335,0.035,0.660082,0.268012
29,0.362918,0.394805,8.076712,0.361981,0.390305,7.256901,0.363227,0.396282,8.341271,1.201635,1.396124,13.930624,0.706706,0.790929,10.648608,1.582339,1.853225,14.616981,0.536192,0.591256,0.575718,0.495662,0.034796,0.070134,0.247337,0.269082,0.238528,0.905111,0.903955,0.78711,0.021847,0.158041,0.033342,0.661778,0.268096
30,0.387383,0.419216,7.593526,0.361976,0.395082,8.379467,0.395577,0.427042,7.368066,1.200531,1.391993,13.754504,0.705513,0.794262,11.173767,1.589674,1.85512,14.308831,0.525918,0.556859,0.591673,0.492033,0.033996,0.069362,0.245104,0.268181,0.235929,0.903823,0.902437,0.784205,0.022573,0.156388,0.032533,0.656322,0.262959
31,0.374473,0.403943,7.295578,0.372199,0.397533,6.372679,0.375233,0.406073,7.594678,1.19527,1.3971,14.446339,0.703935,0.789631,10.852664,1.581285,1.86484,15.205306,0.53395,0.574695,0.577924,0.490864,0.034696,0.072709,0.248139,0.270874,0.239057,0.903576,0.902552,0.785493,0.022469,0.157376,0.03354,0.660438,0.266975
32,0.382837,0.412455,7.180794,0.382684,0.407421,6.071614,0.382888,0.414121,7.541993,1.185882,1.378664,13.983221,0.708777,0.795325,10.882088,1.559591,1.8276,14.664516,0.53012,0.566093,0.574664,0.485802,0.034062,0.067944,0.246436,0.269601,0.237642,0.905755,0.904616,0.787028,0.022689,0.156333,0.033406,0.660082,0.26506
33,0.367519,0.397639,7.574728,0.356292,0.383412,7.073533,0.371208,0.402297,7.727914,1.201526,1.400222,14.190318,0.683245,0.770688,11.346068,1.600634,1.877574,14.749878,0.531556,0.565474,0.574805,0.486931,0.033783,0.068074,0.243712,0.26803,0.235304,0.905854,0.904533,0.78711,0.021753,0.156455,0.031233,0.659448,0.265778
34,0.363671,0.394373,7.785054,0.374348,0.400111,6.4391,0.360036,0.392439,8.256784,1.179765,1.373311,14.09342,0.693331,0.780792,11.201552,1.561001,1.830214,14.709357,0.532729,0.562956,0.586528,0.492599,0.033996,0.070139,0.244987,0.268581,0.236336,0.905606,0.904517,0.78716,0.021375,0.154232,0.031092,0.6581,0.266365
35,0.376147,0.406754,7.524714,0.348917,0.377916,7.673615,0.384853,0.415983,7.483515,1.179646,1.377436,14.359266,0.673746,0.765606,11.998346,1.571489,1.845214,14.83432,0.536015,0.575825,0.574218,0.484873,0.034275,0.069161,0.240834,0.267714,0.23237,0.903328,0.902024,0.785146,0.022062,0.154122,0.031623,0.658695,0.268007
36,0.367822,0.397889,7.556849,0.369058,0.391853,5.817091,0.367411,0.399869,8.117051,1.189403,1.39137,14.515655,0.701275,0.788505,11.062682,1.568703,1.850835,15.24351,0.527764,0.548993,0.56711,0.471066,0.033733,0.067376,0.242786,0.26932,0.234596,0.907141,0.905788,0.787919,0.0218,0.15557,0.032165,0.658741,0.263882
37,0.370478,0.402134,7.871997,0.364894,0.389565,6.333031,0.372325,0.406246,8.349943,1.200579,1.406607,14.647167,0.676822,0.767454,11.809459,1.601502,1.888414,15.193284,0.525186,0.543074,0.572679,0.473778,0.033122,0.068213,0.238308,0.267211,0.230589,0.904814,0.903163,0.785872,0.021804,0.156651,0.031121,0.655376,0.262593
38,0.379113,0.409974,7.527481,0.3823,0.409357,6.609549,0.378036,0.410181,7.836925,1.232095,1.437064,14.262998,0.716818,0.803464,10.784006,1.630057,1.917107,14.973097,0.524509,0.54952,0.559883,0.462929,0.033238,0.069305,0.239725,0.26959,0.231537,0.904566,0.903328,0.786533,0.022416,0.1613,0.029908,0.655589,0.262254
39,0.362537,0.393628,7.898476,0.3535,0.382214,7.512551,0.365503,0.397363,8.017937,1.182782,1.381934,14.411073,0.677454,0.765202,11.467383,1.574866,1.852796,15.000552,0.527907,0.556652,0.567634,0.473452,0.03356,0.069293,0.240116,0.268038,0.23198,0.902882,0.901842,0.784618,0.021404,0.154874,0.030327,0.657004,0.263953
40,0.376933,0.406162,7.196365,0.379453,0.404531,6.199464,0.376104,0.406695,7.521989,1.167622,1.379802,15.377589,0.688058,0.775648,11.292493,1.538288,1.836174,16.223224,0.524951,0.54465,0.549596,0.454865,0.03317,0.069835,0.237932,0.270713,0.230535,0.903328,0.902272,0.783611,0.022191,0.154218,0.030137,0.656108,0.262475
41,0.364118,0.396913,8.262587,0.356819,0.382571,6.731355,0.366528,0.401599,8.732761,1.190473,1.401457,15.05463,0.701474,0.788119,10.993876,1.573366,1.87089,15.90283,0.518234,0.497702,0.538186,0.439399,0.031544,0.063982,0.23269,0.268169,0.226679,0.903526,0.902503,0.785608,0.021364,0.156516,0.030265,0.654164,0.259117
42,0.376078,0.407117,7.624064,0.358204,0.384991,6.957719,0.381879,0.414266,7.817788,1.204448,1.407085,14.401182,0.69326,0.784205,11.597147,1.599144,1.880646,14.968326,0.519319,0.502624,0.531377,0.436423,0.031747,0.067886,0.232749,0.270342,0.226463,0.906745,0.905078,0.786978,0.02221,0.155827,0.02871,0.655902,0.25966
43,0.367342,0.398096,7.725442,0.364214,0.38995,6.600021,0.368377,0.400772,8.083013,1.204435,1.39812,13.853266,0.685804,0.774798,11.486163,1.603028,1.871041,14.324256,0.519237,0.505912,0.523046,0.427476,0.031283,0.064165,0.231286,0.268124,0.225513,0.905953,0.904517,0.786978,0.021721,0.156503,0.028938,0.657795,0.259618
44,0.3796,0.411248,7.695669,0.36511,0.390878,6.592286,0.384333,0.417852,8.021712,1.207275,1.42181,15.088861,0.713002,0.801951,11.091615,1.594425,1.896523,15.929035,0.51722,0.494928,0.523468,0.424171,0.031319,0.064837,0.231921,0.269088,0.225807,0.905309,0.904335,0.787606,0.022419,0.160692,0.028908,0.654922,0.25861
45,0.371987,0.404063,7.938303,0.391309,0.41611,5.960229,0.36539,0.40001,8.654738,1.177884,1.381624,14.746414,0.709713,0.804587,11.79163,1.54681,1.828618,15.410962,0.517906,0.505767,0.531444,0.43301,0.031427,0.067359,0.234474,0.268918,0.228075,0.902882,0.90176,0.782224,0.02191,0.154345,0.030162,0.655913,0.258953
46,0.374994,0.405049,7.420155,0.386054,0.4107,6.000882,0.371215,0.403138,7.918657,1.184356,1.390149,14.803674,0.747676,0.831979,10.132744,1.541204,1.833681,15.950294,0.516949,0.504116,0.52855,0.435836,0.031197,0.065136,0.231943,0.268961,0.225776,0.903031,0.902139,0.784073,0.022042,0.156379,0.029355,0.660049,0.258474
47,0.365637,0.396765,7.845413,0.356381,0.382711,6.879833,0.368707,0.401394,8.143493,1.170662,1.3738,14.786561,0.67283,0.761475,11.641219,1.555323,1.838803,15.416554,0.517777,0.512958,0.52805,0.427492,0.031615,0.065606,0.230908,0.267919,0.225095,0.903873,0.902882,0.785014,0.021408,0.154894,0.028507,0.65296,0.258889
48,0.362484,0.39405,8.010627,0.36699,0.39619,7.370112,0.360979,0.393338,8.226898,1.195442,1.402963,14.791637,0.709911,0.800198,11.283058,1.57181,1.861016,15.54025,0.513989,0.494357,0.518144,0.421221,0.031323,0.064867,0.231254,0.268117,0.225546,0.903378,0.902371,0.785757,0.021599,0.157452,0.028608,0.649787,0.256994
49,0.3694,0.400367,7.734871,0.353445,0.38,6.988058,0.374556,0.406916,7.952639,1.178759,1.378466,14.487602,0.726573,0.813876,10.726853,1.542169,1.822294,15.372064,0.511515,0.491223,0.528948,0.433661,0.031117,0.063075,0.233325,0.268515,0.227193,0.90417,0.9028,0.785278,0.021917,0.154736,0.031016,0.656374,0.255758
50,0.384977,0.416529,7.575025,0.391124,0.422608,7.449991,0.382901,0.414478,7.618508,1.188353,1.388888,14.438553,0.70231,0.793414,11.482506,1.572527,1.851734,15.078147,0.510927,0.500235,0.512784,0.430615,0.031594,0.066195,0.232248,0.270768,0.226237,0.903724,0.902486,0.784618,0.022773,0.156884,0.029585,0.660134,0.255464
51,0.370696,0.402342,7.865431,0.37209,0.401658,7.361484,0.370232,0.402569,8.032823,1.167735,1.375811,15.123826,0.687121,0.781381,12.063232,1.541363,1.829974,15.771295,0.511615,0.496093,0.530631,0.430957,0.031331,0.065087,0.230157,0.268273,0.22428,0.90313,0.901826,0.783446,0.021833,0.153266,0.028561,0.658559,0.255807
52,0.363652,0.393507,7.586857,0.351671,0.378471,7.081157,0.367608,0.398454,7.741406,1.169755,1.374794,14.914113,0.681315,0.77204,11.751332,1.548751,1.834295,15.566954,0.50798,0.488745,0.53703,0.432015,0.031253,0.064356,0.230994,0.267688,0.224868,0.904913,0.903576,0.787028,0.021485,0.154861,0.028372,0.654856,0.25399
53,0.375499,0.408735,8.131546,0.381506,0.410967,7.168682,0.37347,0.407987,8.460314,1.210651,1.410451,14.165708,0.699299,0.791235,11.619351,1.604904,1.881192,14.686875,0.510414,0.498198,0.537335,0.437048,0.03159,0.065691,0.232333,0.2695,0.226111,0.904616,0.903213,0.786351,0.022112,0.158784,0.028624,0.653434,0.255207
54,0.37987,0.410922,7.556701,0.359689,0.389597,7.676496,0.386324,0.417748,7.522208,1.163622,1.366671,14.857167,0.710546,0.800112,11.19412,1.522148,1.805516,15.69457,0.511371,0.48648,0.52116,0.42722,0.031525,0.066672,0.232219,0.269717,0.226159,0.904863,0.903361,0.786384,0.022429,0.155243,0.029359,0.657776,0.255685
55,0.366074,0.397944,8.008814,0.380298,0.406939,6.546813,0.361205,0.394898,8.532225,1.24182,1.442934,13.93784,0.71287,0.799104,10.791373,1.648992,1.930121,14.565348,0.510994,0.502645,0.524868,0.429712,0.031252,0.061872,0.229164,0.266842,0.223429,0.90412,0.903427,0.785575,0.021635,0.158815,0.029592,0.65474,0.255497
56,0.364231,0.397374,8.340426,0.375933,0.409439,8.183208,0.360231,0.393254,8.397517,1.195999,1.403344,14.775005,0.68912,0.777139,11.326013,1.584965,1.874859,15.462184,0.510446,0.493937,0.533478,0.434271,0.031147,0.064336,0.231197,0.266812,0.224993,0.904913,0.903625,0.785559,0.021296,0.155413,0.028599,0.653581,0.255223
57,0.366953,0.399323,8.106326,0.355742,0.386205,7.887816,0.370652,0.403646,8.173802,1.194885,1.400508,14.682019,0.695146,0.782164,11.125268,1.584291,1.872921,15.410696,0.511053,0.498065,0.529654,0.430659,0.031406,0.065263,0.229502,0.267971,0.223624,0.904616,0.90346,0.784849,0.021636,0.15604,0.029299,0.656699,0.255527
58,0.360629,0.392157,8.039707,0.359884,0.386601,6.910851,0.360876,0.393988,8.404191,1.22949,1.420381,13.439457,0.691936,0.778748,11.147607,1.638609,1.902759,13.88249,0.511212,0.494481,0.52127,0.423747,0.03126,0.066392,0.230116,0.267428,0.224244,0.905557,0.904484,0.787358,0.021532,0.157236,0.028994,0.658958,0.255606
59,0.370547,0.403187,8.095421,0.347915,0.374159,7.014176,0.377795,0.412416,8.39452,1.192418,1.402848,15.000244,0.707974,0.794459,10.88608,1.571716,1.868254,15.872462,0.510813,0.491147,0.549398,0.431326,0.031218,0.066401,0.231235,0.266852,0.225051,0.904021,0.903097,0.785014,0.021865,0.154944,0.028543,0.649589,0.255407
60,0.380351,0.411827,7.643072,0.383386,0.410073,6.507777,0.379331,0.412412,8.021508,1.173074,1.381769,15.103514,0.711562,0.798376,10.873827,1.53683,1.830503,16.04331,0.510578,0.495328,0.526551,0.425689,0.031373,0.067078,0.231605,0.271143,0.225816,0.904517,0.903427,0.786302,0.022497,0.154308,0.028562,0.65536,0.255289
