protocol,model,metric,point_idx,epoch,step,value,run_dir
gap1124,A1-order,success/test,0,5,3570,32.102230072021484,20260714-1341-seqtrack3d_nuscenes_a1_order_vr_gap1124-htv_gap1124_a1_order_seed42_w12_60ep_bs16
gap1124,A1-order,success/test,1,10,7140,35.98051071166992,20260714-1341-seqtrack3d_nuscenes_a1_order_vr_gap1124-htv_gap1124_a1_order_seed42_w12_60ep_bs16
gap1124,A1-order,success/test,2,15,10710,42.82219314575195,20260714-1341-seqtrack3d_nuscenes_a1_order_vr_gap1124-htv_gap1124_a1_order_seed42_w12_60ep_bs16
gap1124,A1-order,success/test,3,20,14280,41.15552520751953,20260714-1341-seqtrack3d_nuscenes_a1_order_vr_gap1124-htv_gap1124_a1_order_seed42_w12_60ep_bs16
gap1124,A1-order,success/test,4,25,17850,41.10779571533203,20260714-1341-seqtrack3d_nuscenes_a1_order_vr_gap1124-htv_gap1124_a1_order_seed42_w12_60ep_bs16
gap1124,A1-order,success/test,5,30,21420,40.089500427246094,20260714-1341-seqtrack3d_nuscenes_a1_order_vr_gap1124-htv_gap1124_a1_order_seed42_w12_60ep_bs16
gap1124,A1-order,success/test,6,35,24990,43.12052917480469,20260714-1341-seqtrack3d_nuscenes_a1_order_vr_gap1124-htv_gap1124_a1_order_seed42_w12_60ep_bs16
gap1124,A1-order,success/test,7,40,28560,42.59944152832031,20260714-1341-seqtrack3d_nuscenes_a1_order_vr_gap1124-htv_gap1124_a1_order_seed42_w12_60ep_bs16
gap1124,A1-order,success/test,8,45,32130,44.17064666748047,20260714-1341-seqtrack3d_nuscenes_a1_order_vr_gap1124-htv_gap1124_a1_order_seed42_w12_60ep_bs16
gap1124,A1-order,success/test,9,50,35700,40.8213996887207,20260714-1341-seqtrack3d_nuscenes_a1_order_vr_gap1124-htv_gap1124_a1_order_seed42_w12_60ep_bs16
gap1124,A1-order,success/test,10,55,39270,42.97334671020508,20260714-1341-seqtrack3d_nuscenes_a1_order_vr_gap1124-htv_gap1124_a1_order_seed42_w12_60ep_bs16
gap1124,A1-order,success/test,11,60,42840,45.19291687011719,20260714-1341-seqtrack3d_nuscenes_a1_order_vr_gap1124-htv_gap1124_a1_order_seed42_w12_60ep_bs16
gap1124,A1-order,precision/test,0,5,3570,44.3814582824707,20260714-1341-seqtrack3d_nuscenes_a1_order_vr_gap1124-htv_gap1124_a1_order_seed42_w12_60ep_bs16
gap1124,A1-order,precision/test,1,10,7140,49.84088897705078,20260714-1341-seqtrack3d_nuscenes_a1_order_vr_gap1124-htv_gap1124_a1_order_seed42_w12_60ep_bs16
gap1124,A1-order,precision/test,2,15,10710,52.207637786865234,20260714-1341-seqtrack3d_nuscenes_a1_order_vr_gap1124-htv_gap1124_a1_order_seed42_w12_60ep_bs16
gap1124,A1-order,precision/test,3,20,14280,44.98210144042969,20260714-1341-seqtrack3d_nuscenes_a1_order_vr_gap1124-htv_gap1124_a1_order_seed42_w12_60ep_bs16
gap1124,A1-order,precision/test,4,25,17850,45.71002197265625,20260714-1341-seqtrack3d_nuscenes_a1_order_vr_gap1124-htv_gap1124_a1_order_seed42_w12_60ep_bs16
gap1124,A1-order,precision/test,5,30,21420,43.920047760009766,20260714-1341-seqtrack3d_nuscenes_a1_order_vr_gap1124-htv_gap1124_a1_order_seed42_w12_60ep_bs16
gap1124,A1-order,precision/test,6,35,24990,47.07040023803711,20260714-1341-seqtrack3d_nuscenes_a1_order_vr_gap1124-htv_gap1124_a1_order_seed42_w12_60ep_bs16
gap1124,A1-order,precision/test,7,40,28560,46.95903015136719,20260714-1341-seqtrack3d_nuscenes_a1_order_vr_gap1124-htv_gap1124_a1_order_seed42_w12_60ep_bs16
gap1124,A1-order,precision/test,8,45,32130,48.68336868286133,20260714-1341-seqtrack3d_nuscenes_a1_order_vr_gap1124-htv_gap1124_a1_order_seed42_w12_60ep_bs16
gap1124,A1-order,precision/test,9,50,35700,44.07716369628906,20260714-1341-seqtrack3d_nuscenes_a1_order_vr_gap1124-htv_gap1124_a1_order_seed42_w12_60ep_bs16
gap1124,A1-order,precision/test,10,55,39270,46.0739860534668,20260714-1341-seqtrack3d_nuscenes_a1_order_vr_gap1124-htv_gap1124_a1_order_seed42_w12_60ep_bs16
gap1124,A1-order,precision/test,11,60,42840,49.206443786621094,20260714-1341-seqtrack3d_nuscenes_a1_order_vr_gap1124-htv_gap1124_a1_order_seed42_w12_60ep_bs16
gap1124,A2-order-dyn,success/test,0,5,3570,42.14200210571289,20260714-1342-seqtrack3d_nuscenes_a2_order_dyn_vr_gap1124-htv_gap1124_a2_order_dyn_seed42_w12_60ep_bs16
gap1124,A2-order-dyn,success/test,1,10,7140,50.47136688232422,20260714-1342-seqtrack3d_nuscenes_a2_order_dyn_vr_gap1124-htv_gap1124_a2_order_dyn_seed42_w12_60ep_bs16
gap1124,A2-order-dyn,success/test,2,15,10710,41.410099029541016,20260714-1342-seqtrack3d_nuscenes_a2_order_dyn_vr_gap1124-htv_gap1124_a2_order_dyn_seed42_w12_60ep_bs16
gap1124,A2-order-dyn,success/test,3,20,14280,28.343278884887695,20260714-1342-seqtrack3d_nuscenes_a2_order_dyn_vr_gap1124-htv_gap1124_a2_order_dyn_seed42_w12_60ep_bs16
gap1124,A2-order-dyn,success/test,4,25,17850,42.126094818115234,20260714-1342-seqtrack3d_nuscenes_a2_order_dyn_vr_gap1124-htv_gap1124_a2_order_dyn_seed42_w12_60ep_bs16
gap1124,A2-order-dyn,success/test,5,30,21420,36.429988861083984,20260714-1342-seqtrack3d_nuscenes_a2_order_dyn_vr_gap1124-htv_gap1124_a2_order_dyn_seed42_w12_60ep_bs16
gap1124,A2-order-dyn,success/test,6,35,24990,50.204856872558594,20260714-1342-seqtrack3d_nuscenes_a2_order_dyn_vr_gap1124-htv_gap1124_a2_order_dyn_seed42_w12_60ep_bs16
gap1124,A2-order-dyn,success/test,7,40,28560,39.663883209228516,20260714-1342-seqtrack3d_nuscenes_a2_order_dyn_vr_gap1124-htv_gap1124_a2_order_dyn_seed42_w12_60ep_bs16
gap1124,A2-order-dyn,success/test,8,45,32130,40.04176330566406,20260714-1342-seqtrack3d_nuscenes_a2_order_dyn_vr_gap1124-htv_gap1124_a2_order_dyn_seed42_w12_60ep_bs16
gap1124,A2-order-dyn,success/test,9,50,35700,40.52704620361328,20260714-1342-seqtrack3d_nuscenes_a2_order_dyn_vr_gap1124-htv_gap1124_a2_order_dyn_seed42_w12_60ep_bs16
gap1124,A2-order-dyn,success/test,10,55,39270,40.5986442565918,20260714-1342-seqtrack3d_nuscenes_a2_order_dyn_vr_gap1124-htv_gap1124_a2_order_dyn_seed42_w12_60ep_bs16
gap1124,A2-order-dyn,success/test,11,60,42840,41.18336868286133,20260714-1342-seqtrack3d_nuscenes_a2_order_dyn_vr_gap1124-htv_gap1124_a2_order_dyn_seed42_w12_60ep_bs16
gap1124,A2-order-dyn,precision/test,0,5,3570,40.614559173583984,20260714-1342-seqtrack3d_nuscenes_a2_order_dyn_vr_gap1124-htv_gap1124_a2_order_dyn_seed42_w12_60ep_bs16
gap1124,A2-order-dyn,precision/test,1,10,7140,67.18177795410156,20260714-1342-seqtrack3d_nuscenes_a2_order_dyn_vr_gap1124-htv_gap1124_a2_order_dyn_seed42_w12_60ep_bs16
gap1124,A2-order-dyn,precision/test,2,15,10710,52.81025695800781,20260714-1342-seqtrack3d_nuscenes_a2_order_dyn_vr_gap1124-htv_gap1124_a2_order_dyn_seed42_w12_60ep_bs16
gap1124,A2-order-dyn,precision/test,3,20,14280,21.839696884155273,20260714-1342-seqtrack3d_nuscenes_a2_order_dyn_vr_gap1124-htv_gap1124_a2_order_dyn_seed42_w12_60ep_bs16
gap1124,A2-order-dyn,precision/test,4,25,17850,39.568416595458984,20260714-1342-seqtrack3d_nuscenes_a2_order_dyn_vr_gap1124-htv_gap1124_a2_order_dyn_seed42_w12_60ep_bs16
gap1124,A2-order-dyn,precision/test,5,30,21420,33.40095138549805,20260714-1342-seqtrack3d_nuscenes_a2_order_dyn_vr_gap1124-htv_gap1124_a2_order_dyn_seed42_w12_60ep_bs16
gap1124,A2-order-dyn,precision/test,6,35,24990,57.57159423828125,20260714-1342-seqtrack3d_nuscenes_a2_order_dyn_vr_gap1124-htv_gap1124_a2_order_dyn_seed42_w12_60ep_bs16
gap1124,A2-order-dyn,precision/test,7,40,28560,38.725135803222656,20260714-1342-seqtrack3d_nuscenes_a2_order_dyn_vr_gap1124-htv_gap1124_a2_order_dyn_seed42_w12_60ep_bs16
gap1124,A2-order-dyn,precision/test,8,45,32130,37.60739517211914,20260714-1342-seqtrack3d_nuscenes_a2_order_dyn_vr_gap1124-htv_gap1124_a2_order_dyn_seed42_w12_60ep_bs16
gap1124,A2-order-dyn,precision/test,9,50,35700,38.30549240112305,20260714-1342-seqtrack3d_nuscenes_a2_order_dyn_vr_gap1124-htv_gap1124_a2_order_dyn_seed42_w12_60ep_bs16
gap1124,A2-order-dyn,precision/test,10,55,39270,40.083534240722656,20260714-1342-seqtrack3d_nuscenes_a2_order_dyn_vr_gap1124-htv_gap1124_a2_order_dyn_seed42_w12_60ep_bs16
gap1124,A2-order-dyn,precision/test,11,60,42840,39.65592575073242,20260714-1342-seqtrack3d_nuscenes_a2_order_dyn_vr_gap1124-htv_gap1124_a2_order_dyn_seed42_w12_60ep_bs16
burst_drop,A1-order,success/test,0,5,3530,43.64308547973633,20260714-1343-seqtrack3d_nuscenes_a1_order_vr_burst_drop-htv_burst_drop_a1_order_seed42_w12_60ep_bs16
burst_drop,A1-order,success/test,1,10,7060,30.157875061035156,20260714-1343-seqtrack3d_nuscenes_a1_order_vr_burst_drop-htv_burst_drop_a1_order_seed42_w12_60ep_bs16
burst_drop,A1-order,success/test,2,15,10590,52.999603271484375,20260714-1343-seqtrack3d_nuscenes_a1_order_vr_burst_drop-htv_burst_drop_a1_order_seed42_w12_60ep_bs16
burst_drop,A1-order,success/test,3,20,14120,50.9972038269043,20260714-1343-seqtrack3d_nuscenes_a1_order_vr_burst_drop-htv_burst_drop_a1_order_seed42_w12_60ep_bs16
burst_drop,A1-order,success/test,4,25,17650,55.081939697265625,20260714-1343-seqtrack3d_nuscenes_a1_order_vr_burst_drop-htv_burst_drop_a1_order_seed42_w12_60ep_bs16
burst_drop,A1-order,success/test,5,30,21180,55.57754135131836,20260714-1343-seqtrack3d_nuscenes_a1_order_vr_burst_drop-htv_burst_drop_a1_order_seed42_w12_60ep_bs16
burst_drop,A1-order,success/test,6,35,24710,56.12909698486328,20260714-1343-seqtrack3d_nuscenes_a1_order_vr_burst_drop-htv_burst_drop_a1_order_seed42_w12_60ep_bs16
burst_drop,A1-order,success/test,7,40,28240,55.809356689453125,20260714-1343-seqtrack3d_nuscenes_a1_order_vr_burst_drop-htv_burst_drop_a1_order_seed42_w12_60ep_bs16
burst_drop,A1-order,success/test,8,45,31770,55.10192108154297,20260714-1343-seqtrack3d_nuscenes_a1_order_vr_burst_drop-htv_burst_drop_a1_order_seed42_w12_60ep_bs16
burst_drop,A1-order,success/test,9,50,35300,56.20903778076172,20260714-1343-seqtrack3d_nuscenes_a1_order_vr_burst_drop-htv_burst_drop_a1_order_seed42_w12_60ep_bs16
burst_drop,A1-order,success/test,10,55,38830,56.45283508300781,20260714-1343-seqtrack3d_nuscenes_a1_order_vr_burst_drop-htv_burst_drop_a1_order_seed42_w12_60ep_bs16
burst_drop,A1-order,success/test,11,60,42360,57.348121643066406,20260714-1343-seqtrack3d_nuscenes_a1_order_vr_burst_drop-htv_burst_drop_a1_order_seed42_w12_60ep_bs16
burst_drop,A1-order,precision/test,0,5,3530,55.66746520996094,20260714-1343-seqtrack3d_nuscenes_a1_order_vr_burst_drop-htv_burst_drop_a1_order_seed42_w12_60ep_bs16
burst_drop,A1-order,precision/test,1,10,7060,24.720224380493164,20260714-1343-seqtrack3d_nuscenes_a1_order_vr_burst_drop-htv_burst_drop_a1_order_seed42_w12_60ep_bs16
burst_drop,A1-order,precision/test,2,15,10590,67.67585754394531,20260714-1343-seqtrack3d_nuscenes_a1_order_vr_burst_drop-htv_burst_drop_a1_order_seed42_w12_60ep_bs16
burst_drop,A1-order,precision/test,3,20,14120,65.14388275146484,20260714-1343-seqtrack3d_nuscenes_a1_order_vr_burst_drop-htv_burst_drop_a1_order_seed42_w12_60ep_bs16
burst_drop,A1-order,precision/test,4,25,17650,65.7533950805664,20260714-1343-seqtrack3d_nuscenes_a1_order_vr_burst_drop-htv_burst_drop_a1_order_seed42_w12_60ep_bs16
burst_drop,A1-order,precision/test,5,30,21180,68.93486022949219,20260714-1343-seqtrack3d_nuscenes_a1_order_vr_burst_drop-htv_burst_drop_a1_order_seed42_w12_60ep_bs16
burst_drop,A1-order,precision/test,6,35,24710,66.21102905273438,20260714-1343-seqtrack3d_nuscenes_a1_order_vr_burst_drop-htv_burst_drop_a1_order_seed42_w12_60ep_bs16
burst_drop,A1-order,precision/test,7,40,28240,69.08473205566406,20260714-1343-seqtrack3d_nuscenes_a1_order_vr_burst_drop-htv_burst_drop_a1_order_seed42_w12_60ep_bs16
burst_drop,A1-order,precision/test,8,45,31770,65.07594299316406,20260714-1343-seqtrack3d_nuscenes_a1_order_vr_burst_drop-htv_burst_drop_a1_order_seed42_w12_60ep_bs16
burst_drop,A1-order,precision/test,9,50,35300,66.39688110351562,20260714-1343-seqtrack3d_nuscenes_a1_order_vr_burst_drop-htv_burst_drop_a1_order_seed42_w12_60ep_bs16
burst_drop,A1-order,precision/test,10,55,38830,67.54795837402344,20260714-1343-seqtrack3d_nuscenes_a1_order_vr_burst_drop-htv_burst_drop_a1_order_seed42_w12_60ep_bs16
burst_drop,A1-order,precision/test,11,60,42360,69.27658081054688,20260714-1343-seqtrack3d_nuscenes_a1_order_vr_burst_drop-htv_burst_drop_a1_order_seed42_w12_60ep_bs16
burst_drop,A2-order-dyn,success/test,0,5,3530,29.698240280151367,20260714-1343-seqtrack3d_nuscenes_a2_order_dyn_vr_burst_drop-htv_burst_drop_a2_order_dyn_seed42_w12_60ep_bs16
burst_drop,A2-order-dyn,success/test,1,10,7060,42.607913970947266,20260714-1343-seqtrack3d_nuscenes_a2_order_dyn_vr_burst_drop-htv_burst_drop_a2_order_dyn_seed42_w12_60ep_bs16
burst_drop,A2-order-dyn,success/test,2,15,10590,39.69424819946289,20260714-1343-seqtrack3d_nuscenes_a2_order_dyn_vr_burst_drop-htv_burst_drop_a2_order_dyn_seed42_w12_60ep_bs16
burst_drop,A2-order-dyn,success/test,3,20,14120,39.01478958129883,20260714-1343-seqtrack3d_nuscenes_a2_order_dyn_vr_burst_drop-htv_burst_drop_a2_order_dyn_seed42_w12_60ep_bs16
burst_drop,A2-order-dyn,success/test,4,25,17650,46.54476547241211,20260714-1343-seqtrack3d_nuscenes_a2_order_dyn_vr_burst_drop-htv_burst_drop_a2_order_dyn_seed42_w12_60ep_bs16
burst_drop,A2-order-dyn,success/test,5,30,21180,42.52798080444336,20260714-1343-seqtrack3d_nuscenes_a2_order_dyn_vr_burst_drop-htv_burst_drop_a2_order_dyn_seed42_w12_60ep_bs16
burst_drop,A2-order-dyn,success/test,6,35,24710,44.202640533447266,20260714-1343-seqtrack3d_nuscenes_a2_order_dyn_vr_burst_drop-htv_burst_drop_a2_order_dyn_seed42_w12_60ep_bs16
burst_drop,A2-order-dyn,success/test,7,40,28240,51.22501754760742,20260714-1343-seqtrack3d_nuscenes_a2_order_dyn_vr_burst_drop-htv_burst_drop_a2_order_dyn_seed42_w12_60ep_bs16
burst_drop,A2-order-dyn,success/test,8,45,31770,46.4328498840332,20260714-1343-seqtrack3d_nuscenes_a2_order_dyn_vr_burst_drop-htv_burst_drop_a2_order_dyn_seed42_w12_60ep_bs16
burst_drop,A2-order-dyn,success/test,9,50,35300,47.41207504272461,20260714-1343-seqtrack3d_nuscenes_a2_order_dyn_vr_burst_drop-htv_burst_drop_a2_order_dyn_seed42_w12_60ep_bs16
burst_drop,A2-order-dyn,success/test,10,55,38830,47.22422790527344,20260714-1343-seqtrack3d_nuscenes_a2_order_dyn_vr_burst_drop-htv_burst_drop_a2_order_dyn_seed42_w12_60ep_bs16
burst_drop,A2-order-dyn,success/test,11,60,42360,49.8980827331543,20260714-1343-seqtrack3d_nuscenes_a2_order_dyn_vr_burst_drop-htv_burst_drop_a2_order_dyn_seed42_w12_60ep_bs16
burst_drop,A2-order-dyn,precision/test,0,5,3530,27.999601364135742,20260714-1343-seqtrack3d_nuscenes_a2_order_dyn_vr_burst_drop-htv_burst_drop_a2_order_dyn_seed42_w12_60ep_bs16
burst_drop,A2-order-dyn,precision/test,1,10,7060,47.1602668762207,20260714-1343-seqtrack3d_nuscenes_a2_order_dyn_vr_burst_drop-htv_burst_drop_a2_order_dyn_seed42_w12_60ep_bs16
burst_drop,A2-order-dyn,precision/test,2,15,10590,53.71502685546875,20260714-1343-seqtrack3d_nuscenes_a2_order_dyn_vr_burst_drop-htv_burst_drop_a2_order_dyn_seed42_w12_60ep_bs16
burst_drop,A2-order-dyn,precision/test,3,20,14120,39.05076217651367,20260714-1343-seqtrack3d_nuscenes_a2_order_dyn_vr_burst_drop-htv_burst_drop_a2_order_dyn_seed42_w12_60ep_bs16
burst_drop,A2-order-dyn,precision/test,4,25,17650,46.946441650390625,20260714-1343-seqtrack3d_nuscenes_a2_order_dyn_vr_burst_drop-htv_burst_drop_a2_order_dyn_seed42_w12_60ep_bs16
burst_drop,A2-order-dyn,precision/test,5,30,21180,41.99839782714844,20260714-1343-seqtrack3d_nuscenes_a2_order_dyn_vr_burst_drop-htv_burst_drop_a2_order_dyn_seed42_w12_60ep_bs16
burst_drop,A2-order-dyn,precision/test,6,35,24710,45.34172821044922,20260714-1343-seqtrack3d_nuscenes_a2_order_dyn_vr_burst_drop-htv_burst_drop_a2_order_dyn_seed42_w12_60ep_bs16
burst_drop,A2-order-dyn,precision/test,7,40,28240,57.93164825439453,20260714-1343-seqtrack3d_nuscenes_a2_order_dyn_vr_burst_drop-htv_burst_drop_a2_order_dyn_seed42_w12_60ep_bs16
burst_drop,A2-order-dyn,precision/test,8,45,31770,47.434051513671875,20260714-1343-seqtrack3d_nuscenes_a2_order_dyn_vr_burst_drop-htv_burst_drop_a2_order_dyn_seed42_w12_60ep_bs16
burst_drop,A2-order-dyn,precision/test,9,50,35300,50.805355072021484,20260714-1343-seqtrack3d_nuscenes_a2_order_dyn_vr_burst_drop-htv_burst_drop_a2_order_dyn_seed42_w12_60ep_bs16
burst_drop,A2-order-dyn,precision/test,10,55,38830,50.065948486328125,20260714-1343-seqtrack3d_nuscenes_a2_order_dyn_vr_burst_drop-htv_burst_drop_a2_order_dyn_seed42_w12_60ep_bs16
burst_drop,A2-order-dyn,precision/test,11,60,42360,54.880096435546875,20260714-1343-seqtrack3d_nuscenes_a2_order_dyn_vr_burst_drop-htv_burst_drop_a2_order_dyn_seed42_w12_60ep_bs16
random20,A1-order,success/test,0,5,5090,43.68746566772461,20260714-1343-seqtrack3d_nuscenes_a1_order_vr_random20-htv_random20_a1_order_seed42_w12_60ep_bs16
random20,A1-order,success/test,1,10,10180,29.92715835571289,20260714-1343-seqtrack3d_nuscenes_a1_order_vr_random20-htv_random20_a1_order_seed42_w12_60ep_bs16
random20,A1-order,success/test,2,15,15270,32.296592712402344,20260714-1343-seqtrack3d_nuscenes_a1_order_vr_random20-htv_random20_a1_order_seed42_w12_60ep_bs16
random20,A1-order,success/test,3,20,20360,41.47471237182617,20260714-1343-seqtrack3d_nuscenes_a1_order_vr_random20-htv_random20_a1_order_seed42_w12_60ep_bs16
random20,A1-order,success/test,4,25,25450,40.89472198486328,20260714-1343-seqtrack3d_nuscenes_a1_order_vr_random20-htv_random20_a1_order_seed42_w12_60ep_bs16
random20,A1-order,success/test,5,30,30540,43.423580169677734,20260714-1343-seqtrack3d_nuscenes_a1_order_vr_random20-htv_random20_a1_order_seed42_w12_60ep_bs16
random20,A1-order,success/test,6,35,35630,39.22896957397461,20260714-1343-seqtrack3d_nuscenes_a1_order_vr_random20-htv_random20_a1_order_seed42_w12_60ep_bs16
random20,A1-order,success/test,7,40,40720,41.2053337097168,20260714-1343-seqtrack3d_nuscenes_a1_order_vr_random20-htv_random20_a1_order_seed42_w12_60ep_bs16
random20,A1-order,success/test,8,45,45810,40.77653121948242,20260714-1343-seqtrack3d_nuscenes_a1_order_vr_random20-htv_random20_a1_order_seed42_w12_60ep_bs16
random20,A1-order,success/test,9,50,50900,39.77322769165039,20260714-1343-seqtrack3d_nuscenes_a1_order_vr_random20-htv_random20_a1_order_seed42_w12_60ep_bs16
random20,A1-order,success/test,10,55,55990,41.84029769897461,20260714-1343-seqtrack3d_nuscenes_a1_order_vr_random20-htv_random20_a1_order_seed42_w12_60ep_bs16
random20,A1-order,success/test,11,60,61080,40.718807220458984,20260714-1343-seqtrack3d_nuscenes_a1_order_vr_random20-htv_random20_a1_order_seed42_w12_60ep_bs16
random20,A1-order,precision/test,0,5,5090,51.221824645996094,20260714-1343-seqtrack3d_nuscenes_a1_order_vr_random20-htv_random20_a1_order_seed42_w12_60ep_bs16
random20,A1-order,precision/test,1,10,10180,28.756183624267578,20260714-1343-seqtrack3d_nuscenes_a1_order_vr_random20-htv_random20_a1_order_seed42_w12_60ep_bs16
random20,A1-order,precision/test,2,15,15270,48.801536560058594,20260714-1343-seqtrack3d_nuscenes_a1_order_vr_random20-htv_random20_a1_order_seed42_w12_60ep_bs16
random20,A1-order,precision/test,3,20,20360,49.28119659423828,20260714-1343-seqtrack3d_nuscenes_a1_order_vr_random20-htv_random20_a1_order_seed42_w12_60ep_bs16
random20,A1-order,precision/test,4,25,25450,44.836448669433594,20260714-1343-seqtrack3d_nuscenes_a1_order_vr_random20-htv_random20_a1_order_seed42_w12_60ep_bs16
random20,A1-order,precision/test,5,30,30540,47.29796600341797,20260714-1343-seqtrack3d_nuscenes_a1_order_vr_random20-htv_random20_a1_order_seed42_w12_60ep_bs16
random20,A1-order,precision/test,6,35,35630,41.7303466796875,20260714-1343-seqtrack3d_nuscenes_a1_order_vr_random20-htv_random20_a1_order_seed42_w12_60ep_bs16
random20,A1-order,precision/test,7,40,40720,45.577239990234375,20260714-1343-seqtrack3d_nuscenes_a1_order_vr_random20-htv_random20_a1_order_seed42_w12_60ep_bs16
random20,A1-order,precision/test,8,45,45810,44.60417556762695,20260714-1343-seqtrack3d_nuscenes_a1_order_vr_random20-htv_random20_a1_order_seed42_w12_60ep_bs16
random20,A1-order,precision/test,9,50,50900,41.83617401123047,20260714-1343-seqtrack3d_nuscenes_a1_order_vr_random20-htv_random20_a1_order_seed42_w12_60ep_bs16
random20,A1-order,precision/test,10,55,55990,45.32298278808594,20260714-1343-seqtrack3d_nuscenes_a1_order_vr_random20-htv_random20_a1_order_seed42_w12_60ep_bs16
random20,A1-order,precision/test,11,60,61080,42.71440505981445,20260714-1343-seqtrack3d_nuscenes_a1_order_vr_random20-htv_random20_a1_order_seed42_w12_60ep_bs16
random20,A2-order-dyn,success/test,0,5,5090,36.232818603515625,20260714-1343-seqtrack3d_nuscenes_a2_order_dyn_vr_random20-htv_random20_a2_order_dyn_seed42_w12_60ep_bs16
random20,A2-order-dyn,success/test,1,10,10180,43.47031784057617,20260714-1343-seqtrack3d_nuscenes_a2_order_dyn_vr_random20-htv_random20_a2_order_dyn_seed42_w12_60ep_bs16
random20,A2-order-dyn,success/test,2,15,15270,25.955196380615234,20260714-1343-seqtrack3d_nuscenes_a2_order_dyn_vr_random20-htv_random20_a2_order_dyn_seed42_w12_60ep_bs16
random20,A2-order-dyn,success/test,3,20,20360,47.86833190917969,20260714-1343-seqtrack3d_nuscenes_a2_order_dyn_vr_random20-htv_random20_a2_order_dyn_seed42_w12_60ep_bs16
random20,A2-order-dyn,success/test,4,25,25450,49.81720733642578,20260714-1343-seqtrack3d_nuscenes_a2_order_dyn_vr_random20-htv_random20_a2_order_dyn_seed42_w12_60ep_bs16
random20,A2-order-dyn,success/test,5,30,30540,49.54233169555664,20260714-1343-seqtrack3d_nuscenes_a2_order_dyn_vr_random20-htv_random20_a2_order_dyn_seed42_w12_60ep_bs16
random20,A2-order-dyn,success/test,6,35,35630,47.47526550292969,20260714-1343-seqtrack3d_nuscenes_a2_order_dyn_vr_random20-htv_random20_a2_order_dyn_seed42_w12_60ep_bs16
random20,A2-order-dyn,success/test,7,40,40720,45.845245361328125,20260714-1343-seqtrack3d_nuscenes_a2_order_dyn_vr_random20-htv_random20_a2_order_dyn_seed42_w12_60ep_bs16
random20,A2-order-dyn,success/test,8,45,45810,51.5131950378418,20260714-1343-seqtrack3d_nuscenes_a2_order_dyn_vr_random20-htv_random20_a2_order_dyn_seed42_w12_60ep_bs16
random20,A2-order-dyn,success/test,9,50,50900,48.115718841552734,20260714-1343-seqtrack3d_nuscenes_a2_order_dyn_vr_random20-htv_random20_a2_order_dyn_seed42_w12_60ep_bs16
random20,A2-order-dyn,success/test,10,55,55990,48.75068283081055,20260714-1343-seqtrack3d_nuscenes_a2_order_dyn_vr_random20-htv_random20_a2_order_dyn_seed42_w12_60ep_bs16
random20,A2-order-dyn,success/test,11,60,61080,49.8089599609375,20260714-1343-seqtrack3d_nuscenes_a2_order_dyn_vr_random20-htv_random20_a2_order_dyn_seed42_w12_60ep_bs16
random20,A2-order-dyn,precision/test,0,5,5090,59.39252471923828,20260714-1343-seqtrack3d_nuscenes_a2_order_dyn_vr_random20-htv_random20_a2_order_dyn_seed42_w12_60ep_bs16
random20,A2-order-dyn,precision/test,1,10,10180,54.15475845336914,20260714-1343-seqtrack3d_nuscenes_a2_order_dyn_vr_random20-htv_random20_a2_order_dyn_seed42_w12_60ep_bs16
random20,A2-order-dyn,precision/test,2,15,15270,26.448598861694336,20260714-1343-seqtrack3d_nuscenes_a2_order_dyn_vr_random20-htv_random20_a2_order_dyn_seed42_w12_60ep_bs16
random20,A2-order-dyn,precision/test,3,20,20360,60.32435989379883,20260714-1343-seqtrack3d_nuscenes_a2_order_dyn_vr_random20-htv_random20_a2_order_dyn_seed42_w12_60ep_bs16
random20,A2-order-dyn,precision/test,4,25,25450,58.965091705322266,20260714-1343-seqtrack3d_nuscenes_a2_order_dyn_vr_random20-htv_random20_a2_order_dyn_seed42_w12_60ep_bs16
random20,A2-order-dyn,precision/test,5,30,30540,58.40021896362305,20260714-1343-seqtrack3d_nuscenes_a2_order_dyn_vr_random20-htv_random20_a2_order_dyn_seed42_w12_60ep_bs16
random20,A2-order-dyn,precision/test,6,35,35630,51.91176986694336,20260714-1343-seqtrack3d_nuscenes_a2_order_dyn_vr_random20-htv_random20_a2_order_dyn_seed42_w12_60ep_bs16
random20,A2-order-dyn,precision/test,7,40,40720,48.150081634521484,20260714-1343-seqtrack3d_nuscenes_a2_order_dyn_vr_random20-htv_random20_a2_order_dyn_seed42_w12_60ep_bs16
random20,A2-order-dyn,precision/test,8,45,45810,60.475528717041016,20260714-1343-seqtrack3d_nuscenes_a2_order_dyn_vr_random20-htv_random20_a2_order_dyn_seed42_w12_60ep_bs16
random20,A2-order-dyn,precision/test,9,50,50900,53.30263900756836,20260714-1343-seqtrack3d_nuscenes_a2_order_dyn_vr_random20-htv_random20_a2_order_dyn_seed42_w12_60ep_bs16
random20,A2-order-dyn,precision/test,10,55,55990,54.066795349121094,20260714-1343-seqtrack3d_nuscenes_a2_order_dyn_vr_random20-htv_random20_a2_order_dyn_seed42_w12_60ep_bs16
random20,A2-order-dyn,precision/test,11,60,61080,56.94062805175781,20260714-1343-seqtrack3d_nuscenes_a2_order_dyn_vr_random20-htv_random20_a2_order_dyn_seed42_w12_60ep_bs16
