comparison,tracklet_key,success,precision,mean_iou,mean_center_error,center_error_gain
standard_M2_minus_A1,007842c92eaf4351b5a9678f7e7094f3,5.0,5.000000000000014,0.056612706435249294,-0.08924270143881288,0.08924270143881288
standard_M2_minus_A1,045cd82a77a1472499e8c15100cb5ff3,-0.30303030303030276,-0.833333333333333,-0.004269039375295658,-2.446117545023643,2.446117545023643
standard_M2_minus_A1,06ff24b7f1e8479b934f1b74348028bc,1.3636363636363633,1.6666666666666643,0.017330777135195166,1.0777706021859874,-1.0777706021859874
standard_M2_minus_A1,0b2ef8648d3c467989b67d5a3ce2a3df,-24.72222222222222,-53.19444444444444,-0.26928426708113423,5.823861288073293,-5.823861288073293
standard_M2_minus_A1,0bfc7d407d09490cba7ac57897fcb100,8.399999999999991,4.6000000000000085,0.08945492359704432,-0.10366258965350553,0.10366258965350553
standard_M2_minus_A1,0cfdfb5bbe8a41268271e24f2edefb9c,8.780487804878057,3.41463414634147,0.08874193979474432,-0.08200496921906436,0.08200496921906436
standard_M2_minus_A1,11a08ff383a6451bbda6b9af56cfa6e2,6.774193548387103,20.0,0.06358411668344044,-0.38697308084098053,0.38697308084098053
standard_M2_minus_A1,1377fe4255444b1495d0ccb972d8ef98,8.000000000000014,6.0,0.07530802275131221,-0.11932753480677565,0.11932753480677565
standard_M2_minus_A1,143ecd5e93614768bdb3da695e76c409,-30.21739130434782,-42.173913043478265,-0.3014082113516775,0.8477852797271039,-0.8477852797271039
standard_M2_minus_A1,19f5d51759454803ae8bbc45bfb92737,-5.500000000000014,7.0,-0.05418762297292756,-0.13996195670516715,0.13996195670516715
standard_M2_minus_A1,1a018f3bcdea44f9ab60912938495032,0.0,0.0,0.0,0.5989556539087459,-0.5989556539087459
standard_M2_minus_A1,1e4a740fd22b44dda3eed861e6e3f170,5.333333333333343,9.333333333333343,0.05259886982785733,-0.18814464111552703,0.18814464111552703
standard_M2_minus_A1,1f8d7e8410ed435da374688590a13b0a,5.25,6.75,0.05000578526690802,-0.1407419832527405,0.1407419832527405
standard_M2_minus_A1,200c440c0e9b4627ad4f3047227016a2,0.0,0.0,0.0001711491297391038,-0.2442838509240346,0.2442838509240346
standard_M2_minus_A1,2197057ff31949819b309f2c7ec9a113,10.294117647058826,31.10294117647058,0.10197379402233642,-0.6185815436436517,0.6185815436436517
standard_M2_minus_A1,29d3fb54f8b746118133456815b12eeb,6.136363636363626,11.59090909090908,0.05807607798831316,-0.24561003868993864,0.24561003868993864
standard_M2_minus_A1,29f69a7cb2c544c8a5ef26437a48e021,2.9032258064516157,9.032258064516142,0.031226330259809698,-0.17809033330666135,0.17809033330666135
standard_M2_minus_A1,2a42fd0e123c455fbaeb1c5f03dba0b2,30.652173913043484,53.043478260869556,0.30862288010173555,-1.0793732458892018,1.0793732458892018
standard_M2_minus_A1,2cc84e32d40647b185276f8d7baf5322,5.833333333333336,8.333333333333343,0.052827898210039526,-0.14630653642709962,0.14630653642709962
standard_M2_minus_A1,2e84949acbd84ea3857ca2a04e50b6a4,3.666666666666657,9.666666666666664,0.04401982144292388,-0.1860452029015287,0.1860452029015287
standard_M2_minus_A1,2ef4b4d20b064d34b754f68e48f5a5c2,4.821428571428569,27.678571428571423,0.047467611971095613,-0.5482638169468907,0.5482638169468907
standard_M2_minus_A1,307a3275c31f452eb9c7c66636c7bb27,17.105263157894733,46.184210526315795,0.16758267851668857,-1.2145272538565526,1.2145272538565526
standard_M2_minus_A1,349232409f354033b215b5e37c3312ab,25.250000000000014,31.624999999999993,0.26002849976493014,-3.5658911048245243,3.5658911048245243
standard_M2_minus_A1,34daad97663c4e8ea00f842adc581ab5,1.4814814814814667,-0.9259259259259238,0.010503228380558394,0.025100031777757326,-0.025100031777757326
standard_M2_minus_A1,3620feb00d744241a94855f3a8913a78,11.285714285714285,28.714285714285715,0.11052131827976425,-0.5828955129041549,0.5828955129041549
standard_M2_minus_A1,377df4ee88ec46c9be892080557263f6,0.6250000000000142,-1.0416666666666714,0.0005964281075052646,0.021076487789875392,-0.021076487789875392
standard_M2_minus_A1,3eb275ac391e46aa8fad54e18a7b5a8f,6.190476190476197,9.523809523809518,0.06073201934195743,-0.19090375790961345,0.19090375790961345
standard_M2_minus_A1,3eff2b1ecf29497e9967dd21509431fe,5.714285714285715,6.071428571428569,0.05630812335885382,-0.11627855853335839,0.11627855853335839
standard_M2_minus_A1,486ade171d7a40e9b071de6d07f307aa,0.0,-2.499999999999993,0.0015588523535217114,0.0763705027531304,-0.0763705027531304
standard_M2_minus_A1,48d06a263b314b48bd41343ea5f5d158,11.428571428571416,19.999999999999986,0.11209292247330549,-0.43437455119631585,0.43437455119631585
standard_M2_minus_A1,4a8058d0441a46d381995e1af1086039,12.500000000000014,18.75,0.13150710710855362,-0.374512772461488,0.374512772461488
standard_M2_minus_A1,52770232202d4ad1a98ed07d5b4c20b9,-3.4722222222222143,-8.749999999999986,-0.03630355541282093,0.1741047452119076,-0.1741047452119076
standard_M2_minus_A1,55527032f0174fefa3b051a24707bf08,11.025641025641029,37.30769230769231,0.11137044216568803,-0.7619817622685447,0.7619817622685447
standard_M2_minus_A1,58ead1aad9b544b4b8126d8723f2764f,2.499999999999986,2.500000000000014,0.02230285504651386,-0.02286102601563849,0.02286102601563849
standard_M2_minus_A1,5cba59926dd04bcfaf994ab682e07460,0.0,0.0,0.0,0.0,0.0
standard_M2_minus_A1,6346de1c47584b34833d6df500d2ed6c,6.666666666666643,3.958333333333343,0.06447245623719045,-0.06109118895576665,0.06109118895576665
standard_M2_minus_A1,63510eb8f6ed4b3189002b1f2648ea1f,0.961538461538467,-0.7692307692307665,0.01625111164184523,0.014081334502132226,-0.014081334502132226
standard_M2_minus_A1,64b22104a573415a8c860fc22214619c,1.071428571428573,-2.6785714285714377,0.01288543472458209,1.1896931872711063,-1.1896931872711063
standard_M2_minus_A1,64ce64c25d424c3088db384021d8dbb3,5.000000000000014,6.666666666666671,0.05730953853937315,-0.12927986099244296,0.12927986099244296
standard_M2_minus_A1,65acd0cbce474d9cb2eef362a1b279be,-8.658536585365859,-20.12195121951219,-0.08415548357731883,0.3941951775949035,-0.3941951775949035
standard_M2_minus_A1,6786acf4f6b644639d550c608785320f,-2.0,20.785714285714285,-0.020941595329164342,-0.4985857181313549,0.4985857181313549
standard_M2_minus_A1,68dbf490d231446f92fa7dbd366c8b93,2.391304347826093,3.0434782608695627,0.018358499743999168,-0.0563956941655491,0.0563956941655491
standard_M2_minus_A1,6ad58d370ed542a9a68e1fcf5a4f2ee7,2.5000000000000036,5.999999999999986,0.02810826947965761,-0.12909867314164547,0.12909867314164547
standard_M2_minus_A1,6dafc154a9ef43ff8fd680620dc90433,15.555555555555571,30.555555555555557,0.15379114964827212,-0.5956065115450444,0.5956065115450444
standard_M2_minus_A1,6f1f46b67f3d430cbf417e750fcec3c7,0.0,0.0,0.0,0.0,0.0
standard_M2_minus_A1,713b6bedc51f4d1b9802a13aec39aaf3,-5.0,-5.000000000000014,-0.0436261778488104,0.09485869183611502,-0.09485869183611502
standard_M2_minus_A1,71cb36c9a35343b7961454d5c3695a9f,0.0,0.0,0.007025404012593439,-0.017824545616491355,0.017824545616491355
standard_M2_minus_A1,720ca55c654a4ac8bfe9babd1c1072be,-2.799999999999983,-2.5999999999999943,-0.027862885577463636,0.0648933255021023,-0.0648933255021023
standard_M2_minus_A1,7328a1bef88b4e84aa2ee0d837effd8d,9.375,9.999999999999986,0.1011983306673031,-0.2276910223965663,0.2276910223965663
standard_M2_minus_A1,749bf5675a3d435a987f0b8582e93509,0.0,0.0,0.0,0.0,0.0
standard_M2_minus_A1,7581fd7e9c0f426cb0efb9ea1f3f2830,15.454545454545453,19.545454545454533,0.15628940377007539,-0.39843996972023693,0.39843996972023693
standard_M2_minus_A1,77268b95b44a4b89ad17df89479de81c,1.6666666666666679,9.375000000000004,0.013032241292354751,-0.20781460644553795,0.20781460644553795
standard_M2_minus_A1,7a2612095f7840048f58d69a07e836a5,9.807692307692307,31.153846153846153,0.0967934962868584,-0.637513632537799,0.637513632537799
standard_M2_minus_A1,802bbdc22d21477f8803a39a5e7e98bf,-1.875,-0.625,-0.019731432362673162,0.016888592241797395,-0.016888592241797395
standard_M2_minus_A1,8096b5ad8e334c2eabffca9cf3bbf08a,-1.25,-4.999999999999986,-0.02303340158281142,0.09886941617094236,-0.09886941617094236
standard_M2_minus_A1,84755505e70547af890aff9db860f692,-16.607142857142847,-26.785714285714292,-0.1694310828972525,0.8639106525418667,-0.8639106525418667
standard_M2_minus_A1,85269a87307a4ee3967e37b496e32280,-2.5,-2.0,-0.020386887291991063,0.044432075814373584,-0.044432075814373584
standard_M2_minus_A1,856aeb4fa2024f1284c6290a44e9dec5,7.567567567567544,19.189189189189186,0.0708163384895284,-0.3876098826785231,0.3876098826785231
standard_M2_minus_A1,898c8b3c29d64d80806dd5e5fc6c02d3,12.857142857142875,13.571428571428584,0.12964879255935313,-0.27701224710915956,0.27701224710915956
standard_M2_minus_A1,8ce4fe54af77467d90c840465f69677f,1.6666666666666572,3.148148148148138,0.017736917079236636,-0.07021133043629035,0.07021133043629035
standard_M2_minus_A1,8fba9861aa6d4d14b78c90fbb5372fb2,-5.833333333333336,-3.6111111111111143,-0.057956265261734585,0.07239828499435408,-0.07239828499435408
standard_M2_minus_A1,96c353e8f14d4a63ba2b844d43cffc42,13.478260869565233,26.956521739130423,0.13968523196758775,-0.5464594145215667,0.5464594145215667
standard_M2_minus_A1,98eef3fdea464efd92fb6aaf0ebe8c9a,0.3571428571428559,2.4107142857142883,0.008654368932163287,-1.8687339632595523,1.8687339632595523
standard_M2_minus_A1,9c5151b34911482f8155ab55c3f5d32f,0.0,0.0,0.0002140601565058936,-0.2134546577783034,0.2134546577783034
standard_M2_minus_A1,9ca01ff2a1b54d2eafaed768e58783ad,6.764705882352942,17.794117647058826,0.07540268428880897,-0.35892200759023485,0.35892200759023485
standard_M2_minus_A1,9e5f09bc19cd473dae219194ada64f3d,3.5714285714285694,1.309523809523803,0.03292802512165516,0.08953694717536687,-0.08953694717536687
standard_M2_minus_A1,a1cc58fdb3fa4a0097a315a77ce1be90,22.222222222222207,22.77777777777777,0.22185427007466557,-0.4731343600233694,0.4731343600233694
standard_M2_minus_A1,a661e4cd1f644266a8307b4948082ae7,2.2727272727272734,8.030303030303031,0.017936803216187736,-0.160715612236838,0.160715612236838
standard_M2_minus_A1,a6ca1e8c4eee458cb4981e02f58c954f,14.687500000000007,22.1875,0.15029408173243886,-0.45403158143502537,0.45403158143502537
standard_M2_minus_A1,a9916751b03c494dafa2eddc4496e702,13.846153846153847,25.769230769230766,0.13583931173135422,-0.5201388051642797,0.5201388051642797
standard_M2_minus_A1,aa8f809da9ce441ab1b01fac18e6f97b,0.0,2.499999999999986,-0.001261159837116943,-0.04229654442202668,0.04229654442202668
standard_M2_minus_A1,ab820b691d3446ea889a70cd429cd931,-1.2500000000000142,0.0,-0.006564575609008805,0.006452891043147002,-0.006452891043147002
standard_M2_minus_A1,afff27c4b3934c59837d2294137735d5,0.0,0.0,0.0039385505994311565,-0.0005570776309621866,0.0005570776309621866
standard_M2_minus_A1,b673cf89298845398bf0252c52e5affd,5.000000000000014,1.6666666666666856,0.040738982069935537,-0.054489156392672905,0.054489156392672905
standard_M2_minus_A1,b9df4a8540da4a3a94d7911ead8c1bc8,-25.5,-22.0,-0.26522297489697766,0.41438257560135466,-0.41438257560135466
standard_M2_minus_A1,ba7ec913a8d8494e98ff60579a32acce,0.0,0.0,0.0,0.0,0.0
standard_M2_minus_A1,bbe3bc5ca1434a2ea802f5ed5062785e,11.200000000000003,18.19999999999999,0.11987824651895396,-0.37309270573836073,0.37309270573836073
standard_M2_minus_A1,c283b224a9984736bff67a2f347866fa,4.1666666666666625,3.125,0.04210218137059017,-5.35792540105723,5.35792540105723
standard_M2_minus_A1,c7bb896c68f748c9b735ca9df26435de,5.0,2.0,0.03792788979552941,-0.03613286090055895,0.03613286090055895
standard_M2_minus_A1,ca3f0ced132845b4afce73a6f27a953e,3.6666666666666714,9.333333333333314,0.031844635422937806,-0.19246038163150933,0.19246038163150933
standard_M2_minus_A1,ca5b3ca5aea745ee8fe12b0f74d77f8e,3.999999999999993,12.687499999999993,0.03986667013142042,-0.2619370644368848,0.2619370644368848
standard_M2_minus_A1,d0f5aace57684923b8a44b554b006fb2,6.891891891891895,27.567567567567565,0.07009974476534514,-0.5598108416088485,0.5598108416088485
standard_M2_minus_A1,d71462c2ae74472bae3adbf7a41b2fc7,3.9024390243902474,2.439024390243908,0.03955836531382262,0.39914586791949835,-0.39914586791949835
standard_M2_minus_A1,db7d65690f2e412e887468596e2ddabf,17.5,44.6590909090909,0.17207003460303882,-1.0480795753007817,1.0480795753007817
standard_M2_minus_A1,dc762bf1bc694d3e8141bf592f9b1456,1.7307692307692335,2.21153846153846,0.01715475707805733,-0.6139686094684933,0.6139686094684933
standard_M2_minus_A1,dce1fda2d70945c792dcc27074ec6aa9,5.694444444444443,16.875,0.060358713938598874,-0.32602384160968145,0.32602384160968145
standard_M2_minus_A1,e2878e5b8aa849a18e39baee3f3440bd,9.878048780487816,27.195121951219512,0.10132266930353862,-0.5805148263667863,0.5805148263667863
standard_M2_minus_A1,e3f3d97fa9564422a37828d01c8a2f5f,1.3043478260869605,-1.7391304347826093,0.005782565165547648,0.02843503884484616,-0.02843503884484616
standard_M2_minus_A1,e561b60694dc4514b6dddcfc5a5b6a90,0.3125000000000142,-1.5625,0.007038134463778656,0.01670094029972638,-0.01670094029972638
standard_M2_minus_A1,e5cabb9d6b474377a206feab4ec64d3f,5.5,3.0,0.058924539759107275,-0.06967040603477892,0.06967040603477892
standard_M2_minus_A1,e73ba8faf67d40c8b6b653489393ef8b,-14.838709677419338,-18.870967741935488,-0.14878662408008514,0.37397648732474054,-0.37397648732474054
standard_M2_minus_A1,eaaf60765ee8478f8e0bd4942571c6fb,-3.2051282051282044,0.7692307692307665,-0.032269183053627304,-0.01520082641008591,0.01520082641008591
standard_M2_minus_A1,ebb251e1e8b144c697dc28c22bb44b13,1.6666666666666856,0.0,0.01142881552255992,-0.01063275736535832,0.01063275736535832
standard_M2_minus_A1,ec221beba32448e4a9865e920aeefed5,5.15625,19.921874999999993,0.04850112411211083,-0.4524624082580051,0.4524624082580051
standard_M2_minus_A1,ec2a550c52b240d98c9c3bca3d06602f,-2.352941176470594,-8.823529411764703,-0.02214117663270415,0.16887921565127728,-0.16887921565127728
standard_M2_minus_A1,ec5241e32939433baeb2b3955920b28c,-5.645161290322584,4.838709677419345,-0.05588976819792779,-0.10605562441752953,0.10605562441752953
standard_M2_minus_A1,f1335e8d0b7c40988d9ab522b5993d3d,1.2500000000000142,1.25,0.020281480114475947,-0.0221306250076789,0.0221306250076789
standard_M2_minus_A1,f2d9e6f194ee446eafc7a79fcb32994a,3.124999999999986,4.375,0.02861539481936659,-0.09426284151623114,0.09426284151623114
standard_M2_minus_A1,f3995943006145ca8a7bc375527f0aba,0.0,0.0,0.0,-0.04750947861883503,0.04750947861883503
standard_M2_minus_A1,f4af7fd215ee47aa8b64bac0443d7be8,1.7857142857142918,-0.7142857142857082,0.019105249283655312,0.0028451245075655357,-0.0028451245075655357
standard_M2_minus_A1,f5c0c1968ef0486cb3183e521841352f,-0.7142857142857082,-0.952380952380949,-0.010125857057479037,0.015940109104877795,-0.015940109104877795
standard_M2_minus_A1,f7f666bf92c049bea8fabc42a8831005,18.0,25.0,0.18100833294921614,-0.4924086687952764,0.4924086687952764
standard_M2_minus_A1,f987ba5f8e6243889a731f8cffe1934b,16.212121212121218,24.469696969696955,0.17279690291222333,-4.313275064822234,4.313275064822234
standard_M2_minus_A1,fa6ddc168ffb4ab88b718f719357211e,6.212121212121204,8.333333333333343,0.06043373822020526,-0.1662322396888848,0.1662322396888848
standard_M2_minus_A1,fd4ce422e0db4ad3ab978a811ba04d3a,30.138888888888896,52.70833333333333,0.318291044666328,-22.91151033231811,22.91151033231811
standard_M2_minus_A1,fe050ab6b19d41d8bc2641f9835e9d1b,0.7812499999999929,2.578125,0.008812642771310608,-0.039551616606122275,0.039551616606122275
standard_true_minus_fixed,007842c92eaf4351b5a9678f7e7094f3,0.0,0.0,0.0,0.0,0.0
standard_true_minus_fixed,045cd82a77a1472499e8c15100cb5ff3,0.0,0.0,0.0,-0.0015834317239811213,0.0015834317239811213
standard_true_minus_fixed,06ff24b7f1e8479b934f1b74348028bc,0.45454545454545503,0.0,0.006084534578086956,-1.4590321353208644,1.4590321353208644
standard_true_minus_fixed,0b2ef8648d3c467989b67d5a3ce2a3df,0.0,0.0,1.0933572448801332e-07,-0.002976925572407474,0.002976925572407474
standard_true_minus_fixed,0bfc7d407d09490cba7ac57897fcb100,0.3999999999999915,-0.20000000000000284,0.0016189094113738811,-0.006141763246989035,0.006141763246989035
standard_true_minus_fixed,0cfdfb5bbe8a41268271e24f2edefb9c,0.0,0.0,0.00027775755052450446,-0.0007321474815996099,0.0007321474815996099
standard_true_minus_fixed,11a08ff383a6451bbda6b9af56cfa6e2,0.1612903225806548,0.48387096774193594,0.001981286364623025,-0.00715519564276107,0.00715519564276107
standard_true_minus_fixed,1377fe4255444b1495d0ccb972d8ef98,0.0,0.0,0.0005093359124735963,0.00035758267346674283,-0.00035758267346674283
standard_true_minus_fixed,143ecd5e93614768bdb3da695e76c409,-0.21739130434782794,-0.21739130434782794,3.911025913966304e-05,0.003743666610651397,-0.003743666610651397
standard_true_minus_fixed,19f5d51759454803ae8bbc45bfb92737,0.0,0.0,0.0013206319486432916,-0.002430338196077575,0.002430338196077575
standard_true_minus_fixed,1a018f3bcdea44f9ab60912938495032,0.0,0.0,0.0,0.9827922122788628,-0.9827922122788628
standard_true_minus_fixed,1e4a740fd22b44dda3eed861e6e3f170,0.0,0.0,0.00019445848054100434,-0.0005873851261464225,0.0005873851261464225
standard_true_minus_fixed,1f8d7e8410ed435da374688590a13b0a,0.0,0.0,0.0,0.0,0.0
standard_true_minus_fixed,200c440c0e9b4627ad4f3047227016a2,0.0,0.0,-2.1099875196044227e-06,0.0017341399799164492,-0.0017341399799164492
standard_true_minus_fixed,2197057ff31949819b309f2c7ec9a113,0.0,0.0,-0.00010121842231836098,0.0009308731031280049,-0.0009308731031280049
standard_true_minus_fixed,29d3fb54f8b746118133456815b12eeb,0.22727272727271952,0.0,0.001049412262422944,-0.0008408187592517935,0.0008408187592517935
standard_true_minus_fixed,29f69a7cb2c544c8a5ef26437a48e021,0.32258064516128826,0.0,0.003100354474193545,-0.004628923956530473,0.004628923956530473
standard_true_minus_fixed,2a42fd0e123c455fbaeb1c5f03dba0b2,0.0,0.0,1.9527040169498022e-05,0.0004307157753242197,-0.0004307157753242197
standard_true_minus_fixed,2cc84e32d40647b185276f8d7baf5322,7.499999999999993,13.333333333333329,0.06851994781721937,-0.27052056160823584,0.27052056160823584
standard_true_minus_fixed,2e84949acbd84ea3857ca2a04e50b6a4,0.0,0.3333333333333286,0.0007531315305849273,-0.001283244273792561,0.001283244273792561
standard_true_minus_fixed,2ef4b4d20b064d34b754f68e48f5a5c2,0.7142857142857153,0.0,0.010595813714863622,-0.01125992972638129,0.01125992972638129
standard_true_minus_fixed,307a3275c31f452eb9c7c66636c7bb27,1.0526315789473628,0.526315789473685,0.007294888727905513,-0.01579136927397795,0.01579136927397795
standard_true_minus_fixed,349232409f354033b215b5e37c3312ab,0.0,0.0,1.2579098426557245e-05,-5.273999122423767e-06,5.273999122423767e-06
standard_true_minus_fixed,34daad97663c4e8ea00f842adc581ab5,0.0,-0.5555555555555713,-0.0023689305201773925,0.010034645086350102,-0.010034645086350102
standard_true_minus_fixed,3620feb00d744241a94855f3a8913a78,0.5714285714285694,0.142857142857153,0.0020550865150268383,-0.002426298141591565,0.002426298141591565
standard_true_minus_fixed,377df4ee88ec46c9be892080557263f6,0.0,0.0,-0.00034330223037704055,0.0006189389307967863,-0.0006189389307967863
standard_true_minus_fixed,3eb275ac391e46aa8fad54e18a7b5a8f,0.0,0.0,-0.00027768326364091545,0.0006496658141343925,-0.0006496658141343925
standard_true_minus_fixed,3eff2b1ecf29497e9967dd21509431fe,0.0,0.0,-0.00020729939469243952,0.001034156776160422,-0.001034156776160422
standard_true_minus_fixed,486ade171d7a40e9b071de6d07f307aa,0.0,0.0,-4.61810983942712e-06,2.6062950086003234e-05,-2.6062950086003234e-05
standard_true_minus_fixed,48d06a263b314b48bd41343ea5f5d158,0.1785714285714306,0.0,-0.0006917807498987294,0.0009732558832778182,-0.0009732558832778182
standard_true_minus_fixed,4a8058d0441a46d381995e1af1086039,0.3125,0.0,0.0003426465957185876,-0.0011720752381781663,0.0011720752381781663
standard_true_minus_fixed,52770232202d4ad1a98ed07d5b4c20b9,-0.4166666666666572,-0.5555555555555571,-0.0013390570833876625,0.00505164921188922,-0.00505164921188922
standard_true_minus_fixed,55527032f0174fefa3b051a24707bf08,0.1282051282051242,0.0,-0.0003266304605615833,-0.0013996049933816535,0.0013996049933816535
standard_true_minus_fixed,58ead1aad9b544b4b8126d8723f2764f,0.0,0.0,0.0,0.0,0.0
standard_true_minus_fixed,5cba59926dd04bcfaf994ab682e07460,0.0,0.0,0.0,0.0,0.0
standard_true_minus_fixed,6346de1c47584b34833d6df500d2ed6c,-1.4210854715202004e-14,-0.2083333333333286,-0.00118078998998572,0.0028307852474956374,-0.0028307852474956374
standard_true_minus_fixed,63510eb8f6ed4b3189002b1f2648ea1f,-0.1923076923076934,0.673076923076934,-0.0033839695303421458,-0.016038203948834484,0.016038203948834484
standard_true_minus_fixed,64b22104a573415a8c860fc22214619c,0.0,-0.1785714285714306,-6.027415587844809e-05,0.017951541069731736,-0.017951541069731736
standard_true_minus_fixed,64ce64c25d424c3088db384021d8dbb3,0.0,0.0,1.300194497144691e-05,0.00014466657155777496,-0.00014466657155777496
standard_true_minus_fixed,65acd0cbce474d9cb2eef362a1b279be,0.0,0.1219512195121979,0.0005556537899790159,-0.0028896605846467915,0.0028896605846467915
standard_true_minus_fixed,6786acf4f6b644639d550c608785320f,-1.428571428571427,-3.4285714285714377,-0.015373291021789692,0.0643697736031178,-0.0643697736031178
standard_true_minus_fixed,68dbf490d231446f92fa7dbd366c8b93,0.21739130434782794,0.0,0.0002551355782318687,-0.00023339914907408166,0.00023339914907408166
standard_true_minus_fixed,6ad58d370ed542a9a68e1fcf5a4f2ee7,-0.16666666666666785,0.0,-9.076522054557445e-05,0.0007268948533061259,-0.0007268948533061259
standard_true_minus_fixed,6dafc154a9ef43ff8fd680620dc90433,0.0,-0.18518518518519045,0.0033791645285623506,-0.0015204575246782481,0.0015204575246782481
standard_true_minus_fixed,6f1f46b67f3d430cbf417e750fcec3c7,0.0,0.0,0.0,0.0,0.0
standard_true_minus_fixed,713b6bedc51f4d1b9802a13aec39aaf3,0.0,-0.5882352941176521,-0.0028966159273561276,0.004922763480733866,-0.004922763480733866
standard_true_minus_fixed,71cb36c9a35343b7961454d5c3695a9f,0.0,0.0,0.0,0.0,0.0
standard_true_minus_fixed,720ca55c654a4ac8bfe9babd1c1072be,0.0,-0.20000000000000284,-0.00011969202182038341,0.0007329159823347697,-0.0007329159823347697
standard_true_minus_fixed,7328a1bef88b4e84aa2ee0d837effd8d,0.0,0.0,0.0,0.0,0.0
standard_true_minus_fixed,749bf5675a3d435a987f0b8582e93509,0.0,0.0,0.0,0.0,0.0
standard_true_minus_fixed,7581fd7e9c0f426cb0efb9ea1f3f2830,0.0,0.0,0.0011612967721083,-0.0019757757527510272,0.0019757757527510272
standard_true_minus_fixed,77268b95b44a4b89ad17df89479de81c,0.0,-0.2083333333333286,-0.00010178899991192258,4.3326109279817615e-05,-4.3326109279817615e-05
standard_true_minus_fixed,7a2612095f7840048f58d69a07e836a5,-1.9230769230769198,-0.5769230769230944,-0.01953226297889943,0.01606812131085117,-0.01606812131085117
standard_true_minus_fixed,802bbdc22d21477f8803a39a5e7e98bf,0.0,0.0,2.1451520674786728e-05,-1.2190622382057814e-05,1.2190622382057814e-05
standard_true_minus_fixed,8096b5ad8e334c2eabffca9cf3bbf08a,0.0,0.0,0.0006556966135758957,0.0005161871159312659,-0.0005161871159312659
standard_true_minus_fixed,84755505e70547af890aff9db860f692,0.0,0.0,-6.826256096037486e-05,0.000316140096746631,-0.000316140096746631
standard_true_minus_fixed,85269a87307a4ee3967e37b496e32280,0.5,0.75,0.0020853849991429585,-0.009998455989353006,0.009998455989353006
standard_true_minus_fixed,856aeb4fa2024f1284c6290a44e9dec5,0.5405405405405332,0.13513513513514397,0.0019841662483527367,-0.0021420193862683456,0.0021420193862683456
standard_true_minus_fixed,898c8b3c29d64d80806dd5e5fc6c02d3,0.0,0.0,0.0017037392799962303,-0.0008232379782713711,0.0008232379782713711
standard_true_minus_fixed,8ce4fe54af77467d90c840465f69677f,0.0,0.0,-2.9349719560922694e-05,-1.1600815372603268e-05,1.1600815372603268e-05
standard_true_minus_fixed,8fba9861aa6d4d14b78c90fbb5372fb2,0.0,-0.13888888888888573,-0.0004906933476179764,0.001554495742375428,-0.001554495742375428
standard_true_minus_fixed,96c353e8f14d4a63ba2b844d43cffc42,0.0,0.0,0.0016919770156941238,-0.00046042138694848966,0.00046042138694848966
standard_true_minus_fixed,98eef3fdea464efd92fb6aaf0ebe8c9a,0.0,0.0,-1.3416694095269577e-05,8.820375790175028e-05,-8.820375790175028e-05
standard_true_minus_fixed,9c5151b34911482f8155ab55c3f5d32f,0.0,0.0,-3.4347507614912454e-06,-0.0017084612936244525,0.0017084612936244525
standard_true_minus_fixed,9ca01ff2a1b54d2eafaed768e58783ad,-0.14705882352941302,-0.1470588235294059,-0.0009794863573008294,0.0015706661599598215,-0.0015706661599598215
standard_true_minus_fixed,9e5f09bc19cd473dae219194ada64f3d,0.0,0.2380952380952408,0.001825431026097557,-0.016309671292467853,0.016309671292467853
standard_true_minus_fixed,a1cc58fdb3fa4a0097a315a77ce1be90,-1.4210854715202004e-14,-0.27777777777777146,-0.0006952890350027108,0.0015730468430746325,-0.0015730468430746325
standard_true_minus_fixed,a661e4cd1f644266a8307b4948082ae7,-0.15151515151515582,0.0,-0.00064843994504582,0.000638966386954487,-0.000638966386954487
standard_true_minus_fixed,a6ca1e8c4eee458cb4981e02f58c954f,-0.3125,-0.3125,-0.004038861078984102,-0.0005750572742356796,0.0005750572742356796
standard_true_minus_fixed,a9916751b03c494dafa2eddc4496e702,0.0,0.0,0.0016628589339635624,-9.982474718855938e-05,9.982474718855938e-05
standard_true_minus_fixed,aa8f809da9ce441ab1b01fac18e6f97b,0.0,0.0,-6.050735784035588e-05,0.00018107093860275647,-0.00018107093860275647
standard_true_minus_fixed,ab820b691d3446ea889a70cd429cd931,0.0,0.0,-2.1233056621716706e-05,2.391626622866294e-05,-2.391626622866294e-05
standard_true_minus_fixed,afff27c4b3934c59837d2294137735d5,0.0,0.0,0.0,0.0,0.0
standard_true_minus_fixed,b673cf89298845398bf0252c52e5affd,0.0,0.0,0.0002151090327557892,3.438712263196045e-05,-3.438712263196045e-05
standard_true_minus_fixed,b9df4a8540da4a3a94d7911ead8c1bc8,-1.0,0.0,-0.008710237264917153,0.0060956034958689065,-0.0060956034958689065
standard_true_minus_fixed,ba7ec913a8d8494e98ff60579a32acce,0.0,0.0,0.0,0.0,0.0
standard_true_minus_fixed,bbe3bc5ca1434a2ea802f5ed5062785e,-0.20000000000000284,0.0,-0.0007574088001364165,0.0009484858021169551,-0.0009484858021169551
standard_true_minus_fixed,c283b224a9984736bff67a2f347866fa,0.0,0.0,3.4600527040740126e-06,0.0007071811562653352,-0.0007071811562653352
standard_true_minus_fixed,c7bb896c68f748c9b735ca9df26435de,-0.9999999999999858,0.0,8.113227942396772e-05,9.874679471061354e-05,-9.874679471061354e-05
standard_true_minus_fixed,ca3f0ced132845b4afce73a6f27a953e,-0.3333333333333286,0.0,-0.001632231854234223,0.0016236184176036395,-0.0016236184176036395
standard_true_minus_fixed,ca5b3ca5aea745ee8fe12b0f74d77f8e,-0.1250000000000071,-0.125,-0.00017837204008264163,0.0015189309928471673,-0.0015189309928471673
standard_true_minus_fixed,d0f5aace57684923b8a44b554b006fb2,0.0,0.0,-0.0014388098883978406,0.0015258647716810403,-0.0015258647716810403
standard_true_minus_fixed,d71462c2ae74472bae3adbf7a41b2fc7,0.0,0.0,-0.0001068184314257925,0.030333979539162614,-0.030333979539162614
standard_true_minus_fixed,db7d65690f2e412e887468596e2ddabf,0.0,0.0,-0.0014669627676905383,0.0010143727018229187,-0.0010143727018229187
standard_true_minus_fixed,dc762bf1bc694d3e8141bf592f9b1456,0.0,0.0,4.803293818883558e-05,-0.0032910117776747683,0.0032910117776747683
standard_true_minus_fixed,dce1fda2d70945c792dcc27074ec6aa9,0.0,0.0,4.664450552610555e-05,-5.356570526671156e-05,5.356570526671156e-05
standard_true_minus_fixed,e2878e5b8aa849a18e39baee3f3440bd,0.2439024390243958,0.1219512195121979,0.0013396851737014215,-0.0015586686485469792,0.0015586686485469792
standard_true_minus_fixed,e3f3d97fa9564422a37828d01c8a2f5f,2.391304347826079,1.7391304347826093,0.02183297006131779,-0.03848719234708936,0.03848719234708936
standard_true_minus_fixed,e561b60694dc4514b6dddcfc5a5b6a90,0.0,0.0,-0.0001967168331982183,0.00017803824073645003,-0.00017803824073645003
standard_true_minus_fixed,e5cabb9d6b474377a206feab4ec64d3f,0.0,0.0,-0.00039118268034932235,0.0009786262202611251,-0.0009786262202611251
standard_true_minus_fixed,e73ba8faf67d40c8b6b653489393ef8b,0.0,0.0,0.0006331035577415989,-0.0031209047357244613,0.0031209047357244613
standard_true_minus_fixed,eaaf60765ee8478f8e0bd4942571c6fb,0.0,0.1282051282051313,0.0004846071460486434,-0.0023664074084549513,0.0023664074084549513
standard_true_minus_fixed,ebb251e1e8b144c697dc28c22bb44b13,0.0,0.0,0.00012597484969212314,-0.00013459204396668034,0.00013459204396668034
standard_true_minus_fixed,ec221beba32448e4a9865e920aeefed5,0.3125000000000071,0.0,0.001057137438032485,-0.001125292614881701,0.001125292614881701
standard_true_minus_fixed,ec2a550c52b240d98c9c3bca3d06602f,0.0,0.0,-0.00011719263213066933,0.000889212917480009,-0.000889212917480009
standard_true_minus_fixed,ec5241e32939433baeb2b3955920b28c,-0.48387096774194305,-0.1612903225806548,-0.001199054383456355,0.0029192073387300232,-0.0029192073387300232
standard_true_minus_fixed,f1335e8d0b7c40988d9ab522b5993d3d,0.0,0.0,-1.3071978690715191e-05,4.919192548996643e-06,-4.919192548996643e-06
standard_true_minus_fixed,f2d9e6f194ee446eafc7a79fcb32994a,0.0,0.0,-0.0003484576782917248,0.00035187866441167837,-0.00035187866441167837
standard_true_minus_fixed,f3995943006145ca8a7bc375527f0aba,0.0,0.0,0.0,0.0004884536334159861,-0.0004884536334159861
standard_true_minus_fixed,f4af7fd215ee47aa8b64bac0443d7be8,0.0,0.0,0.0,0.0,0.0
standard_true_minus_fixed,f5c0c1968ef0486cb3183e521841352f,0.0,0.0,0.0002666812265741392,-0.0009434120318424916,0.0009434120318424916
standard_true_minus_fixed,f7f666bf92c049bea8fabc42a8831005,-0.4999999999999858,0.0,-0.0012882337252289044,0.0022379549492689624,-0.0022379549492689624
standard_true_minus_fixed,f987ba5f8e6243889a731f8cffe1934b,0.0,0.0,0.0002427496445015498,-0.0008344731862404142,0.0008344731862404142
standard_true_minus_fixed,fa6ddc168ffb4ab88b718f719357211e,0.0,0.30303030303032585,0.0021521849438114193,-0.005840528325397443,0.005840528325397443
standard_true_minus_fixed,fd4ce422e0db4ad3ab978a811ba04d3a,-0.13888888888889284,0.0,-0.000524067724096744,0.002006956092002299,-0.002006956092002299
standard_true_minus_fixed,fe050ab6b19d41d8bc2641f9835e9d1b,0.0,0.0,1.679297286505399e-06,-6.032949109779917e-05,6.032949109779917e-05
standard_true_minus_shuffled,007842c92eaf4351b5a9678f7e7094f3,0.0,0.0,0.0,0.0,0.0
standard_true_minus_shuffled,045cd82a77a1472499e8c15100cb5ff3,0.0,0.0,0.0,-0.00563663373623946,0.00563663373623946
standard_true_minus_shuffled,06ff24b7f1e8479b934f1b74348028bc,0.45454545454545503,0.0,0.005885601666399565,-1.548406301259866,1.548406301259866
standard_true_minus_shuffled,0b2ef8648d3c467989b67d5a3ce2a3df,0.0,0.0,-5.075364947759731e-09,-0.006935675168716848,0.006935675168716848
standard_true_minus_shuffled,0bfc7d407d09490cba7ac57897fcb100,0.19999999999998863,0.0,0.0008785009523927245,-0.0015091362782503615,0.0015091362782503615
standard_true_minus_shuffled,0cfdfb5bbe8a41268271e24f2edefb9c,0.0,0.0,4.0809151163445634e-05,-2.2541120851149454e-05,2.2541120851149454e-05
standard_true_minus_shuffled,11a08ff383a6451bbda6b9af56cfa6e2,0.1612903225806548,0.8064516129032171,0.002548947162533066,-0.007753652190057914,0.007753652190057914
standard_true_minus_shuffled,1377fe4255444b1495d0ccb972d8ef98,0.0,0.0,0.0007076229865650152,-9.883890078435376e-05,9.883890078435376e-05
standard_true_minus_shuffled,143ecd5e93614768bdb3da695e76c409,0.0,-0.21739130434782794,0.0008425624853655722,0.001005178366410453,-0.001005178366410453
standard_true_minus_shuffled,19f5d51759454803ae8bbc45bfb92737,0.0,0.0,0.0009734465446177287,-0.0018041125210865872,0.0018041125210865872
standard_true_minus_shuffled,1a018f3bcdea44f9ab60912938495032,0.0,0.0,0.0,0.9805131450796338,-0.9805131450796338
standard_true_minus_shuffled,1e4a740fd22b44dda3eed861e6e3f170,0.0,0.0,0.0001780001417583943,-0.0004302736876617419,0.0004302736876617419
standard_true_minus_shuffled,1f8d7e8410ed435da374688590a13b0a,0.0,0.0,0.0,0.0,0.0
standard_true_minus_shuffled,200c440c0e9b4627ad4f3047227016a2,0.0,0.0,0.0,0.0,0.0
standard_true_minus_shuffled,2197057ff31949819b309f2c7ec9a113,0.0,0.0,-0.00047242399922764466,0.0009929071049478155,-0.0009929071049478155
standard_true_minus_shuffled,29d3fb54f8b746118133456815b12eeb,0.22727272727271952,0.0,0.0013293235164815176,-0.0007664272115840975,0.0007664272115840975
standard_true_minus_shuffled,29f69a7cb2c544c8a5ef26437a48e021,0.8064516129032384,0.6451612903225765,0.005993417574408966,-0.010522766134676953,0.010522766134676953
standard_true_minus_shuffled,2a42fd0e123c455fbaeb1c5f03dba0b2,0.0,0.0,-3.0637562692836795e-05,0.0003766757331036541,-0.0003766757331036541
standard_true_minus_shuffled,2cc84e32d40647b185276f8d7baf5322,7.499999999999993,13.333333333333329,0.06920933228952286,-0.27245445773133997,0.27245445773133997
standard_true_minus_shuffled,2e84949acbd84ea3857ca2a04e50b6a4,0.0,0.3333333333333286,0.0009690444495935036,-0.0017231833815971598,0.0017231833815971598
standard_true_minus_shuffled,2ef4b4d20b064d34b754f68e48f5a5c2,1.4285714285714377,0.5357142857142776,0.015699255359539865,-0.0168395703572497,0.0168395703572497
standard_true_minus_shuffled,307a3275c31f452eb9c7c66636c7bb27,0.0,0.0,-0.00010591185493313837,0.00047134285703642753,-0.00047134285703642753
standard_true_minus_shuffled,349232409f354033b215b5e37c3312ab,0.0,0.0,1.3124023887423064e-05,-9.091581193970688e-06,9.091581193970688e-06
standard_true_minus_shuffled,34daad97663c4e8ea00f842adc581ab5,0.0,0.0,-0.0016029528059282594,0.006858460162360969,-0.006858460162360969
standard_true_minus_shuffled,3620feb00d744241a94855f3a8913a78,-1.142857142857146,-1.1428571428571388,-0.011380248468138454,0.013666153346164056,-0.013666153346164056
standard_true_minus_shuffled,377df4ee88ec46c9be892080557263f6,0.0,0.0,7.474234908544375e-06,-1.426716108687831e-05,1.426716108687831e-05
standard_true_minus_shuffled,3eb275ac391e46aa8fad54e18a7b5a8f,0.0,0.0,0.00037976114506749203,-0.0013613645550865083,0.0013613645550865083
standard_true_minus_shuffled,3eff2b1ecf29497e9967dd21509431fe,0.3571428571428612,0.0,0.00236366548543554,-0.00523686396936851,0.00523686396936851
standard_true_minus_shuffled,486ade171d7a40e9b071de6d07f307aa,0.0,0.0,1.4435218704811348e-06,-2.3226694227940214e-06,2.3226694227940214e-06
standard_true_minus_shuffled,48d06a263b314b48bd41343ea5f5d158,0.0,0.0,5.482080053331728e-05,1.5858030903592724e-05,-1.5858030903592724e-05
standard_true_minus_shuffled,4a8058d0441a46d381995e1af1086039,0.3125,0.3125000000000142,0.0007096062277043291,-0.0018964587808779632,0.0018964587808779632
standard_true_minus_shuffled,52770232202d4ad1a98ed07d5b4c20b9,0.13888888888889994,0.4166666666666714,0.0009171201789739403,-0.004082747315049096,0.004082747315049096
standard_true_minus_shuffled,55527032f0174fefa3b051a24707bf08,0.1282051282051242,0.3846153846153726,0.001754705400305756,-0.004987366019268857,0.004987366019268857
standard_true_minus_shuffled,58ead1aad9b544b4b8126d8723f2764f,0.0,0.0,0.0,0.0,0.0
standard_true_minus_shuffled,5cba59926dd04bcfaf994ab682e07460,0.0,0.0,0.0,0.0,0.0
standard_true_minus_shuffled,6346de1c47584b34833d6df500d2ed6c,0.0,0.6250000000000142,0.0029371854625135363,-0.005074713504118034,0.005074713504118034
standard_true_minus_shuffled,63510eb8f6ed4b3189002b1f2648ea1f,-0.7692307692307665,2.307692307692328,-0.0062710658127100305,-0.05175605636466096,0.05175605636466096
standard_true_minus_shuffled,64b22104a573415a8c860fc22214619c,0.0,0.0,4.2710490531422396e-05,0.020268107537857016,-0.020268107537857016
standard_true_minus_shuffled,64ce64c25d424c3088db384021d8dbb3,0.0,0.0,-0.00010815981985856649,3.0619175582960456e-05,-3.0619175582960456e-05
standard_true_minus_shuffled,65acd0cbce474d9cb2eef362a1b279be,0.0,0.24390243902438868,0.000429811519722767,-0.0013578473553121917,0.0013578473553121917
standard_true_minus_shuffled,6786acf4f6b644639d550c608785320f,0.1428571428571388,0.0,0.0009479033305637152,-0.0007329282318128127,0.0007329282318128127
standard_true_minus_shuffled,68dbf490d231446f92fa7dbd366c8b93,0.21739130434782794,0.0,0.0005018081368539651,-0.0007989127039811361,0.0007989127039811361
standard_true_minus_shuffled,6ad58d370ed542a9a68e1fcf5a4f2ee7,0.0,0.0,-2.3187655436074373e-05,0.00023629487661436244,-0.00023629487661436244
standard_true_minus_shuffled,6dafc154a9ef43ff8fd680620dc90433,0.0,0.0,0.0008536329957281596,-4.345534432612097e-05,4.345534432612097e-05
standard_true_minus_shuffled,6f1f46b67f3d430cbf417e750fcec3c7,0.0,0.0,0.0,0.0,0.0
standard_true_minus_shuffled,713b6bedc51f4d1b9802a13aec39aaf3,0.0,0.0,5.358644403563595e-05,-8.437955342399661e-05,8.437955342399661e-05
standard_true_minus_shuffled,71cb36c9a35343b7961454d5c3695a9f,0.0,0.0,0.0,0.0,0.0
standard_true_minus_shuffled,720ca55c654a4ac8bfe9babd1c1072be,-0.20000000000000284,-0.4000000000000057,-0.003969048185012203,0.008342796197993052,-0.008342796197993052
standard_true_minus_shuffled,7328a1bef88b4e84aa2ee0d837effd8d,0.0,0.0,0.0,0.0,0.0
standard_true_minus_shuffled,749bf5675a3d435a987f0b8582e93509,0.0,0.0,0.0,0.0,0.0
standard_true_minus_shuffled,7581fd7e9c0f426cb0efb9ea1f3f2830,0.0,0.22727272727271952,-0.000660249420812109,0.0005887859298964321,-0.0005887859298964321
standard_true_minus_shuffled,77268b95b44a4b89ad17df89479de81c,-0.20833333333333215,0.0,-0.0007086937808672145,0.00087251408514466,-0.00087251408514466
standard_true_minus_shuffled,7a2612095f7840048f58d69a07e836a5,-1.1538461538461462,-0.9615384615384812,-0.009275834535331096,0.006138718262181764,-0.006138718262181764
standard_true_minus_shuffled,802bbdc22d21477f8803a39a5e7e98bf,0.0,0.0,2.667199830330702e-06,2.9661740274522508e-06,-2.9661740274522508e-06
standard_true_minus_shuffled,8096b5ad8e334c2eabffca9cf3bbf08a,0.0,0.0,0.0006029257526383169,-0.0007115128963780526,0.0007115128963780526
standard_true_minus_shuffled,84755505e70547af890aff9db860f692,0.0,0.0,-0.00020136315697971696,0.0013027126820555068,-0.0013027126820555068
standard_true_minus_shuffled,85269a87307a4ee3967e37b496e32280,0.0,0.0,0.0007353069502482046,0.00041198831430966365,-0.00041198831430966365
standard_true_minus_shuffled,856aeb4fa2024f1284c6290a44e9dec5,0.2702702702702666,-0.13513513513514397,-9.412465890001886e-05,0.0006664398082421585,-0.0006664398082421585
standard_true_minus_shuffled,898c8b3c29d64d80806dd5e5fc6c02d3,0.7142857142857082,0.0,0.0003915347674298131,-0.0004248803456400954,0.0004248803456400954
standard_true_minus_shuffled,8ce4fe54af77467d90c840465f69677f,0.0,0.0,0.00017776321121432126,-0.0004494093575965197,0.0004494093575965197
standard_true_minus_shuffled,8fba9861aa6d4d14b78c90fbb5372fb2,-0.27777777777777857,-0.27777777777777146,-0.0014738110113003966,0.0045874357406109345,-0.0045874357406109345
standard_true_minus_shuffled,96c353e8f14d4a63ba2b844d43cffc42,0.0,0.0,0.00299096423185663,-0.0018068538729991979,0.0018068538729991979
standard_true_minus_shuffled,98eef3fdea464efd92fb6aaf0ebe8c9a,0.0,0.0,-3.0994514214899294e-06,0.00020866866510504956,-0.00020866866510504956
standard_true_minus_shuffled,9c5151b34911482f8155ab55c3f5d32f,0.0,0.0,-1.4602394869819846e-05,-0.0015808046061600578,0.0015808046061600578
standard_true_minus_shuffled,9ca01ff2a1b54d2eafaed768e58783ad,0.0,0.0,0.0004877370251180624,-0.0013043321157327759,0.0013043321157327759
standard_true_minus_shuffled,9e5f09bc19cd473dae219194ada64f3d,0.0,0.0,0.00014366338174398585,-0.002170946689780573,0.002170946689780573
standard_true_minus_shuffled,a1cc58fdb3fa4a0097a315a77ce1be90,0.0,0.0,-0.00011534193161388817,0.00042120215954000173,-0.00042120215954000173
standard_true_minus_shuffled,a661e4cd1f644266a8307b4948082ae7,0.0,0.0,-0.00014905545446286528,-0.0006463521251784399,0.0006463521251784399
standard_true_minus_shuffled,a6ca1e8c4eee458cb4981e02f58c954f,0.0,0.0,0.0015642851579147354,-0.0011374732525032683,0.0011374732525032683
standard_true_minus_shuffled,a9916751b03c494dafa2eddc4496e702,0.0,0.0,0.001082886030063679,-0.000528706129006129,0.000528706129006129
standard_true_minus_shuffled,aa8f809da9ce441ab1b01fac18e6f97b,0.0,0.0,-5.154727306622142e-05,9.843434482081914e-05,-9.843434482081914e-05
standard_true_minus_shuffled,ab820b691d3446ea889a70cd429cd931,0.0,0.0,6.433068955769006e-05,-6.671219801096528e-05,6.671219801096528e-05
standard_true_minus_shuffled,afff27c4b3934c59837d2294137735d5,0.0,0.0,0.0,0.0,0.0
standard_true_minus_shuffled,b673cf89298845398bf0252c52e5affd,0.0,0.0,-0.00010100043851712925,6.443189533559407e-05,-6.443189533559407e-05
standard_true_minus_shuffled,b9df4a8540da4a3a94d7911ead8c1bc8,-1.0,0.0,-0.007662839145113232,0.001821275418345314,-0.001821275418345314
standard_true_minus_shuffled,ba7ec913a8d8494e98ff60579a32acce,0.0,0.0,0.0,0.0,0.0
standard_true_minus_shuffled,bbe3bc5ca1434a2ea802f5ed5062785e,-0.20000000000000284,-0.20000000000000284,-0.0012878364852545454,0.0014237231533778816,-0.0014237231533778816
standard_true_minus_shuffled,c283b224a9984736bff67a2f347866fa,0.4166666666666643,0.0,0.0011276183229370074,-0.30161213792209196,0.30161213792209196
standard_true_minus_shuffled,c7bb896c68f748c9b735ca9df26435de,0.0,0.0,-0.0007305056152443479,0.000482286097843343,-0.000482286097843343
standard_true_minus_shuffled,ca3f0ced132845b4afce73a6f27a953e,0.0,0.0,-0.0015495901521124233,0.0013093342056133828,-0.0013093342056133828
standard_true_minus_shuffled,ca5b3ca5aea745ee8fe12b0f74d77f8e,0.2499999999999929,-0.25,0.0015295967286729217,0.002223018133853061,-0.002223018133853061
standard_true_minus_shuffled,d0f5aace57684923b8a44b554b006fb2,0.0,0.0,0.0009877004587734994,-0.0005187307334294511,0.0005187307334294511
standard_true_minus_shuffled,d71462c2ae74472bae3adbf7a41b2fc7,0.0,0.0,-0.00010414571630040781,0.029587150069599666,-0.029587150069599666
standard_true_minus_shuffled,db7d65690f2e412e887468596e2ddabf,0.681818181818187,0.0,0.0035395759702439022,-9.366109279762558e-05,9.366109279762558e-05
standard_true_minus_shuffled,dc762bf1bc694d3e8141bf592f9b1456,0.0,0.0,7.129904413635813e-05,-0.00402650180579478,0.00402650180579478
standard_true_minus_shuffled,dce1fda2d70945c792dcc27074ec6aa9,0.0,0.0,6.799476698193807e-05,-2.880974451135998e-05,2.880974451135998e-05
standard_true_minus_shuffled,e2878e5b8aa849a18e39baee3f3440bd,0.2439024390243958,0.2439024390243958,0.002109552580149554,-0.0024180938080153314,0.0024180938080153314
standard_true_minus_shuffled,e3f3d97fa9564422a37828d01c8a2f5f,1.0869565217391184,0.0,0.0036836335160198574,-0.002193370029527686,0.002193370029527686
standard_true_minus_shuffled,e561b60694dc4514b6dddcfc5a5b6a90,0.0,0.0,-7.957603444164185e-05,-3.492564382573393e-05,3.492564382573393e-05
standard_true_minus_shuffled,e5cabb9d6b474377a206feab4ec64d3f,-0.4999999999999858,0.0,-0.0010442333945230864,0.0021882402647332433,-0.0021882402647332433
standard_true_minus_shuffled,e73ba8faf67d40c8b6b653489393ef8b,0.0,0.0,-4.077226461340899e-06,1.926126147466789e-06,-1.926126147466789e-06
standard_true_minus_shuffled,eaaf60765ee8478f8e0bd4942571c6fb,0.0,-0.6410256410256423,-0.0002546710625374038,0.01062465504951271,-0.01062465504951271
standard_true_minus_shuffled,ebb251e1e8b144c697dc28c22bb44b13,0.0,0.0,0.00012225600529847114,-0.00013333249930591595,0.00013333249930591595
standard_true_minus_shuffled,ec221beba32448e4a9865e920aeefed5,0.0,0.0,0.0005199981094899941,-0.00018519229992319808,0.00018519229992319808
standard_true_minus_shuffled,ec2a550c52b240d98c9c3bca3d06602f,0.0,0.0,1.798928497609431e-06,-0.00045070529486146427,0.00045070529486146427
standard_true_minus_shuffled,ec5241e32939433baeb2b3955920b28c,0.0,0.0,0.0004966799493956175,-0.0011447254449948874,0.0011447254449948874
standard_true_minus_shuffled,f1335e8d0b7c40988d9ab522b5993d3d,0.0,0.0,4.2831846349455915e-05,1.4669131413264092e-05,-1.4669131413264092e-05
standard_true_minus_shuffled,f2d9e6f194ee446eafc7a79fcb32994a,0.0,0.0,-0.0003421811925290452,0.00034569706719014826,-0.00034569706719014826
standard_true_minus_shuffled,f3995943006145ca8a7bc375527f0aba,0.0,0.0,0.0,0.0004884536334159861,-0.0004884536334159861
standard_true_minus_shuffled,f4af7fd215ee47aa8b64bac0443d7be8,0.0,0.0,0.0,0.0,0.0
standard_true_minus_shuffled,f5c0c1968ef0486cb3183e521841352f,0.0,0.0,0.0005321198195338273,-0.0017925710331646444,0.0017925710331646444
standard_true_minus_shuffled,f7f666bf92c049bea8fabc42a8831005,-0.4999999999999858,0.0,-0.0010117349720163427,0.0024052619467920117,-0.0024052619467920117
standard_true_minus_shuffled,f987ba5f8e6243889a731f8cffe1934b,0.0,0.0,-0.00022578905166348306,-0.000285453620523346,0.000285453620523346
standard_true_minus_shuffled,fa6ddc168ffb4ab88b718f719357211e,1.212121212121204,1.0606060606060765,0.00483942883525923,-0.01512911657984034,0.01512911657984034
standard_true_minus_shuffled,fd4ce422e0db4ad3ab978a811ba04d3a,0.13888888888888573,0.4166666666666572,0.000495124808616465,-0.001780835357869881,0.001780835357869881
standard_true_minus_shuffled,fe050ab6b19d41d8bc2641f9835e9d1b,0.0,0.0,-9.255800833007921e-05,0.00030705465820579647,-0.00030705465820579647
gap1124_M2_minus_A1,007842c92eaf4351b5a9678f7e7094f3,5.0,5.833333333333357,0.05773757884020714,-0.0920443584640119,0.0920443584640119
gap1124_M2_minus_A1,045cd82a77a1472499e8c15100cb5ff3,0.0,0.0,0.0,-0.3306093750277448,0.3306093750277448
gap1124_M2_minus_A1,06ff24b7f1e8479b934f1b74348028bc,0.882352941176471,2.6470588235294112,0.009134460832277896,0.10231477154611035,-0.10231477154611035
gap1124_M2_minus_A1,0b2ef8648d3c467989b67d5a3ce2a3df,-23.500000000000007,-49.75,-0.2578515339881464,5.189929067902054,-5.189929067902054
gap1124_M2_minus_A1,0bfc7d407d09490cba7ac57897fcb100,1.538461538461533,-0.3846153846153868,0.013870094886886397,-0.0006717190429372799,0.0006717190429372799
gap1124_M2_minus_A1,0cfdfb5bbe8a41268271e24f2edefb9c,3.80952380952381,1.6666666666666714,0.03764327517201971,-0.0303913033245769,0.0303913033245769
gap1124_M2_minus_A1,11a08ff383a6451bbda6b9af56cfa6e2,0.8823529411764639,11.470588235294116,0.01622374570737717,-0.2333432416992965,0.2333432416992965
gap1124_M2_minus_A1,143ecd5e93614768bdb3da695e76c409,-28.076923076923066,-39.230769230769226,-0.27961507718441586,0.7828665247501105,-0.7828665247501105
gap1124_M2_minus_A1,19f5d51759454803ae8bbc45bfb92737,-7.500000000000014,1.6666666666666714,-0.07082462478480689,-0.048412165747988206,0.048412165747988206
gap1124_M2_minus_A1,1a018f3bcdea44f9ab60912938495032,0.0,0.0,0.0,-0.8735635452766459,0.8735635452766459
gap1124_M2_minus_A1,1e4a740fd22b44dda3eed861e6e3f170,-1.1111111111111143,-5.555555555555557,-0.010073338077766891,0.1120817298964259,-0.1120817298964259
gap1124_M2_minus_A1,1f8d7e8410ed435da374688590a13b0a,3.75,3.3333333333333286,0.044416957391858025,-0.061423811366302344,0.061423811366302344
gap1124_M2_minus_A1,200c440c0e9b4627ad4f3047227016a2,0.0,0.0,0.00033538719049627796,-0.1963259139242055,0.1963259139242055
gap1124_M2_minus_A1,2197057ff31949819b309f2c7ec9a113,5.277777777777786,12.777777777777786,0.0512114129561001,-0.25632893977566584,0.25632893977566584
gap1124_M2_minus_A1,29d3fb54f8b746118133456815b12eeb,3.461538461538467,6.923076923076934,0.03053333519347512,-0.1278712692889088,0.1278712692889088
gap1124_M2_minus_A1,29f69a7cb2c544c8a5ef26437a48e021,0.0,2.352941176470594,-0.005522505250857623,-0.03914956659916041,0.03914956659916041
gap1124_M2_minus_A1,2a42fd0e123c455fbaeb1c5f03dba0b2,25.0,29.230769230769226,0.2494117820479227,-0.6099461302862815,0.6099461302862815
gap1124_M2_minus_A1,2cc84e32d40647b185276f8d7baf5322,5.833333333333336,8.333333333333343,0.052138794549132506,-0.1437357978412931,0.1437357978412931
gap1124_M2_minus_A1,2e84949acbd84ea3857ca2a04e50b6a4,2.7777777777777786,4.999999999999993,0.03590062798238852,-0.10873982831549822,0.10873982831549822
gap1124_M2_minus_A1,2ef4b4d20b064d34b754f68e48f5a5c2,3.75,14.6875,0.03738888189689438,-0.29243012100982807,0.29243012100982807
gap1124_M2_minus_A1,307a3275c31f452eb9c7c66636c7bb27,8.181818181818201,21.36363636363636,0.09028015350073859,-0.43832324674050654,0.43832324674050654
gap1124_M2_minus_A1,349232409f354033b215b5e37c3312ab,22.91666666666668,31.249999999999993,0.22411514862171666,-1.1274794590897435,1.1274794590897435
gap1124_M2_minus_A1,34daad97663c4e8ea00f842adc581ab5,-3.3333333333333286,-6.333333333333314,-0.03935874434756592,0.13901700991393853,-0.13901700991393853
gap1124_M2_minus_A1,3620feb00d744241a94855f3a8913a78,1.8421052631578902,9.736842105263158,0.018260531664577917,-0.2000071559816411,0.2000071559816411
gap1124_M2_minus_A1,377df4ee88ec46c9be892080557263f6,-1.538461538461533,-1.538461538461533,-0.008571855850500798,0.022813701915437745,-0.022813701915437745
gap1124_M2_minus_A1,3eb275ac391e46aa8fad54e18a7b5a8f,3.749999999999993,2.9166666666666856,0.027462661784381948,-0.06352721395614325,0.06352721395614325
gap1124_M2_minus_A1,3eff2b1ecf29497e9967dd21509431fe,2.2222222222222356,2.7777777777777715,0.02300870655378595,-0.037473029737472796,0.037473029737472796
gap1124_M2_minus_A1,48d06a263b314b48bd41343ea5f5d158,0.3125000000000142,-1.5624999999999858,0.0019265611806191796,0.03862890002891323,-0.03862890002891323
gap1124_M2_minus_A1,4a8058d0441a46d381995e1af1086039,8.333333333333357,12.222222222222243,0.08297291459583445,-0.25443653818558276,0.25443653818558276
gap1124_M2_minus_A1,52770232202d4ad1a98ed07d5b4c20b9,1.2500000000000142,-1.0,0.010253073536760526,0.011463872019943033,-0.011463872019943033
gap1124_M2_minus_A1,55527032f0174fefa3b051a24707bf08,4.761904761904766,16.66666666666667,0.04455702378694226,-0.3215894306263345,0.3215894306263345
gap1124_M2_minus_A1,6346de1c47584b34833d6df500d2ed6c,6.538461538461533,3.461538461538467,0.06931312781266874,-0.060423086733175146,0.060423086733175146
gap1124_M2_minus_A1,63510eb8f6ed4b3189002b1f2648ea1f,1.0714285714285694,1.0714285714285694,0.015736759085713925,-0.02226331766707168,0.02226331766707168
gap1124_M2_minus_A1,64b22104a573415a8c860fc22214619c,0.6250000000000036,-0.625,0.011926325003987881,0.008260433871757122,-0.008260433871757122
gap1124_M2_minus_A1,64ce64c25d424c3088db384021d8dbb3,5.000000000000014,6.666666666666671,0.053309107820547874,-0.12184588434549247,0.12184588434549247
gap1124_M2_minus_A1,65acd0cbce474d9cb2eef362a1b279be,-4.523809523809518,-11.42857142857143,-0.04184508141464238,0.2435070811832435,-0.2435070811832435
gap1124_M2_minus_A1,6786acf4f6b644639d550c608785320f,-1.3157894736842195,11.315789473684205,-0.011992082972062668,-0.2241548722175346,0.2241548722175346
gap1124_M2_minus_A1,68dbf490d231446f92fa7dbd366c8b93,0.0,0.0,5.901600881741409e-05,-0.005865068129413398,0.005865068129413398
gap1124_M2_minus_A1,6ad58d370ed542a9a68e1fcf5a4f2ee7,0.0,0.29411764705881893,-0.000447995324655448,-0.0037360311686884806,0.0037360311686884806
gap1124_M2_minus_A1,6dafc154a9ef43ff8fd680620dc90433,8.666666666666657,13.666666666666671,0.08883336558816579,-0.26229968009053106,0.26229968009053106
gap1124_M2_minus_A1,713b6bedc51f4d1b9802a13aec39aaf3,-3.3333333333333286,-3.333333333333343,-0.03498535073496922,0.06775976875629822,-0.06775976875629822
gap1124_M2_minus_A1,720ca55c654a4ac8bfe9babd1c1072be,-5.384615384615387,-7.692307692307693,-0.05244757455920346,0.15914198477154134,-0.15914198477154134
gap1124_M2_minus_A1,7328a1bef88b4e84aa2ee0d837effd8d,7.857142857142847,8.571428571428584,0.09010003875299333,-0.1996538762219425,0.1996538762219425
gap1124_M2_minus_A1,7581fd7e9c0f426cb0efb9ea1f3f2830,-1.9230769230769198,0.7692307692307594,-0.005494875421664602,-0.01424877341108291,0.01424877341108291
gap1124_M2_minus_A1,77268b95b44a4b89ad17df89479de81c,0.76923076923077,1.1538461538461533,0.0031350370015931217,-0.021851665993989355,0.021851665993989355
gap1124_M2_minus_A1,7a2612095f7840048f58d69a07e836a5,12.142857142857146,20.0,0.11868309240606523,-0.39922896092660115,0.39922896092660115
gap1124_M2_minus_A1,802bbdc22d21477f8803a39a5e7e98bf,0.0,1.4285714285714164,0.0030747552316875426,-0.023402696899478048,0.023402696899478048
gap1124_M2_minus_A1,84755505e70547af890aff9db860f692,22.50000000000002,18.90625,0.23025255441282133,-1.8532012265989382,1.8532012265989382
gap1124_M2_minus_A1,85269a87307a4ee3967e37b496e32280,0.0,0.8333333333333286,-0.0030407879978574526,0.0026357623223125515,-0.0026357623223125515
gap1124_M2_minus_A1,856aeb4fa2024f1284c6290a44e9dec5,5.749999999999986,11.0,0.056986564096628944,-0.20923092794813247,0.20923092794813247
gap1124_M2_minus_A1,898c8b3c29d64d80806dd5e5fc6c02d3,10.833333333333343,10.833333333333329,0.11502358013646319,-0.23094156089549944,0.23094156089549944
gap1124_M2_minus_A1,8ce4fe54af77467d90c840465f69677f,-1.666666666666643,-2.0,-0.00850365184257007,0.032089072335054314,-0.032089072335054314
gap1124_M2_minus_A1,8fba9861aa6d4d14b78c90fbb5372fb2,-7.499999999999986,-9.0,-0.0780525535622767,0.18006231301468018,-0.18006231301468018
gap1124_M2_minus_A1,96c353e8f14d4a63ba2b844d43cffc42,6.538461538461561,11.538461538461519,0.06077316278798184,-0.2481081086909092,0.2481081086909092
gap1124_M2_minus_A1,98eef3fdea464efd92fb6aaf0ebe8c9a,0.3125,1.875,0.006659863719750497,-0.06326120174637273,0.06326120174637273
gap1124_M2_minus_A1,9c5151b34911482f8155ab55c3f5d32f,0.0,0.0,0.0006311279600752784,-0.44515662530278277,0.44515662530278277
gap1124_M2_minus_A1,9ca01ff2a1b54d2eafaed768e58783ad,5.277777777777779,10.555555555555543,0.05273573096914763,-0.20472594605500755,0.20472594605500755
gap1124_M2_minus_A1,9e5f09bc19cd473dae219194ada64f3d,12.5,12.916666666666657,0.11638368078706629,-0.25858847090044046,0.25858847090044046
gap1124_M2_minus_A1,a1cc58fdb3fa4a0097a315a77ce1be90,16.999999999999993,15.499999999999986,0.17031999399197373,-0.31108322639663827,0.31108322639663827
gap1124_M2_minus_A1,a661e4cd1f644266a8307b4948082ae7,-1.4705882352941089,-1.17647058823529,-0.021931570669865952,0.02423549020960153,-0.02423549020960153
gap1124_M2_minus_A1,a6ca1e8c4eee458cb4981e02f58c954f,8.333333333333314,9.444444444444443,0.07925935450563149,-0.17842030623791175,0.17842030623791175
gap1124_M2_minus_A1,a9916751b03c494dafa2eddc4496e702,8.57142857142857,12.857142857142875,0.09168388417969231,-0.2700892438303769,0.2700892438303769
gap1124_M2_minus_A1,b9df4a8540da4a3a94d7911ead8c1bc8,-25.000000000000007,-24.16666666666667,-0.25132661942688883,0.4694667034141568,-0.4694667034141568
gap1124_M2_minus_A1,bbe3bc5ca1434a2ea802f5ed5062785e,5.384615384615401,11.92307692307692,0.059161118443511795,-0.23437776655405249,0.23437776655405249
gap1124_M2_minus_A1,c283b224a9984736bff67a2f347866fa,5.625,4.6875,0.05602394736510857,-7.547278046460406,7.547278046460406
gap1124_M2_minus_A1,ca3f0ced132845b4afce73a6f27a953e,5.555555555555543,6.666666666666686,0.05404442160983847,-0.14525536559376423,0.14525536559376423
gap1124_M2_minus_A1,ca5b3ca5aea745ee8fe12b0f74d77f8e,-2.142857142857139,-2.142857142857139,-0.02167386286906048,0.0503191754643591,-0.0503191754643591
gap1124_M2_minus_A1,d0f5aace57684923b8a44b554b006fb2,0.75,5.750000000000014,0.006777282652914163,-0.10270927464190505,0.10270927464190505
gap1124_M2_minus_A1,d71462c2ae74472bae3adbf7a41b2fc7,2.6190476190476204,2.3809523809523796,0.022078614576376387,-0.051061648877792076,0.051061648877792076
gap1124_M2_minus_A1,db7d65690f2e412e887468596e2ddabf,10.384615384615387,16.15384615384616,0.10975899218368967,-0.3101507806555094,0.3101507806555094
gap1124_M2_minus_A1,dc762bf1bc694d3e8141bf592f9b1456,0.7142857142857189,0.7142857142857117,0.005896302613402793,-0.2569404472447445,0.2569404472447445
gap1124_M2_minus_A1,dce1fda2d70945c792dcc27074ec6aa9,3.0,8.500000000000007,0.02945679168456916,-0.3041512273744691,0.3041512273744691
gap1124_M2_minus_A1,e2878e5b8aa849a18e39baee3f3440bd,7.380952380952401,14.76190476190476,0.07357275935200835,-0.31042655436135247,0.31042655436135247
gap1124_M2_minus_A1,e3f3d97fa9564422a37828d01c8a2f5f,7.692307692307686,2.6923076923076934,0.07645508223353681,-0.06817535344343928,0.06817535344343928
gap1124_M2_minus_A1,e561b60694dc4514b6dddcfc5a5b6a90,-1.6666666666666714,-2.2222222222222143,-0.009217810924955772,0.026100282093196966,-0.026100282093196966
gap1124_M2_minus_A1,e5cabb9d6b474377a206feab4ec64d3f,2.5,0.8333333333333286,0.02611248111549891,-0.02093541880774269,0.02093541880774269
gap1124_M2_minus_A1,e73ba8faf67d40c8b6b653489393ef8b,-7.058823529411754,-6.470588235294116,-0.07005257201818305,0.12967680811193424,-0.12967680811193424
gap1124_M2_minus_A1,eaaf60765ee8478f8e0bd4942571c6fb,1.4285714285714306,13.809523809523817,0.01914222558368489,-0.27079948155634614,0.27079948155634614
gap1124_M2_minus_A1,ebb251e1e8b144c697dc28c22bb44b13,1.6666666666666856,0.0,0.011501411897016034,-0.010704175842656649,0.010704175842656649
gap1124_M2_minus_A1,ec221beba32448e4a9865e920aeefed5,3.235294117647058,13.970588235294123,0.03854252619786047,-0.27644008686463784,0.27644008686463784
gap1124_M2_minus_A1,ec2a550c52b240d98c9c3bca3d06602f,5.277777777777786,6.388888888888893,0.05253632414384696,-0.1206081034408466,0.1206081034408466
gap1124_M2_minus_A1,ec5241e32939433baeb2b3955920b28c,-2.64705882352942,-0.8823529411764781,-0.028039426234604647,0.01645993665129375,-0.01645993665129375
gap1124_M2_minus_A1,f2d9e6f194ee446eafc7a79fcb32994a,3.5714285714285694,2.857142857142861,0.024956603455385973,-0.07538045042920048,0.07538045042920048
gap1124_M2_minus_A1,f3995943006145ca8a7bc375527f0aba,0.0,0.0,0.0,-0.030154321326062217,0.030154321326062217
gap1124_M2_minus_A1,f4af7fd215ee47aa8b64bac0443d7be8,1.1111111111111143,0.0,0.0019444169596416483,0.022064410659284384,-0.022064410659284384
gap1124_M2_minus_A1,f5c0c1968ef0486cb3183e521841352f,-1.6666666666666714,-1.25,-0.015458036628962835,0.03179809633390879,-0.03179809633390879
gap1124_M2_minus_A1,f7f666bf92c049bea8fabc42a8831005,13.75,16.25,0.14184444144376962,-0.34356261523205833,0.34356261523205833
gap1124_M2_minus_A1,f987ba5f8e6243889a731f8cffe1934b,11.17647058823529,10.294117647058826,0.11115602955994852,-0.21219914580943217,0.21219914580943217
gap1124_M2_minus_A1,fa6ddc168ffb4ab88b718f719357211e,0.0,-0.5882352941176379,0.0021091817054711415,0.02355755829743228,-0.02355755829743228
gap1124_M2_minus_A1,fd4ce422e0db4ad3ab978a811ba04d3a,-2.999999999999993,1.5,-0.024302259950265026,-0.035637351658508565,0.035637351658508565
gap1124_M2_minus_A1,fe050ab6b19d41d8bc2641f9835e9d1b,-0.29411764705881893,-0.44117647058823195,-0.0007424734290822355,0.00679330712023829,-0.00679330712023829
gap1124_true_minus_fixed,007842c92eaf4351b5a9678f7e7094f3,0.0,0.0,-0.0009304275004332618,0.0008583992711840294,-0.0008583992711840294
gap1124_true_minus_fixed,045cd82a77a1472499e8c15100cb5ff3,0.0,0.0,0.0,-0.009815825754612817,0.009815825754612817
gap1124_true_minus_fixed,06ff24b7f1e8479b934f1b74348028bc,-0.588235294117645,0.0,-0.006559025460158019,-2.1822981519629323,2.1822981519629323
gap1124_true_minus_fixed,0b2ef8648d3c467989b67d5a3ce2a3df,0.0,0.0,3.0458754944617805e-07,-0.013835281412879041,0.013835281412879041
gap1124_true_minus_fixed,0bfc7d407d09490cba7ac57897fcb100,0.7692307692307736,0.0,0.003174098762000921,-0.002073222353600579,0.002073222353600579
gap1124_true_minus_fixed,0cfdfb5bbe8a41268271e24f2edefb9c,0.0,0.0,1.0567750831746991e-05,5.268356377208239e-06,-5.268356377208239e-06
gap1124_true_minus_fixed,11a08ff383a6451bbda6b9af56cfa6e2,-3.529411764705884,-1.764705882352942,-0.029273737397847,0.022502806852242707,-0.022502806852242707
gap1124_true_minus_fixed,143ecd5e93614768bdb3da695e76c409,0.0,0.0,-8.249137761784375e-05,0.000813942594110717,-0.000813942594110717
gap1124_true_minus_fixed,19f5d51759454803ae8bbc45bfb92737,0.0,0.0,-0.00061390020360097,0.0009325862312539179,-0.0009325862312539179
gap1124_true_minus_fixed,1a018f3bcdea44f9ab60912938495032,0.0,0.0,0.0,1.0019336438046125,-1.0019336438046125
gap1124_true_minus_fixed,1e4a740fd22b44dda3eed861e6e3f170,-0.5555555555555713,0.0,-0.005786281740514321,0.021779239012456486,-0.021779239012456486
gap1124_true_minus_fixed,1f8d7e8410ed435da374688590a13b0a,-0.4166666666666572,0.0,-0.0005199510304689792,0.0003149574040963721,-0.0003149574040963721
gap1124_true_minus_fixed,200c440c0e9b4627ad4f3047227016a2,0.0,0.0,1.6793376444418362e-05,-0.001863223115876167,0.001863223115876167
gap1124_true_minus_fixed,2197057ff31949819b309f2c7ec9a113,0.0,0.27777777777777146,0.000760461563903414,-0.0007441312543741141,0.0007441312543741141
gap1124_true_minus_fixed,29d3fb54f8b746118133456815b12eeb,0.0,0.0,-0.0007047522645338145,0.00047119549666338467,-0.00047119549666338467
gap1124_true_minus_fixed,29f69a7cb2c544c8a5ef26437a48e021,-0.882352941176471,0.0,-0.0032417060864478042,0.005011802860700687,-0.005011802860700687
gap1124_true_minus_fixed,2a42fd0e123c455fbaeb1c5f03dba0b2,3.4615384615384386,0.7692307692307594,0.03908760858451066,-0.02738920677997521,0.02738920677997521
gap1124_true_minus_fixed,2cc84e32d40647b185276f8d7baf5322,7.499999999999993,14.166666666666657,0.06859096463020764,-0.27135471630610897,0.27135471630610897
gap1124_true_minus_fixed,2e84949acbd84ea3857ca2a04e50b6a4,0.0,0.0,0.00031073914560608706,-0.0005847724316049296,0.0005847724316049296
gap1124_true_minus_fixed,2ef4b4d20b064d34b754f68e48f5a5c2,0.625,-0.3125,0.005244977149535313,-0.005992481334348876,0.005992481334348876
gap1124_true_minus_fixed,307a3275c31f452eb9c7c66636c7bb27,0.45454545454546036,0.0,0.0002882205350320799,-0.0003604438261900489,0.0003604438261900489
gap1124_true_minus_fixed,349232409f354033b215b5e37c3312ab,0.0,0.0,-0.0002617465874016345,0.00021959628683848598,-0.00021959628683848598
gap1124_true_minus_fixed,34daad97663c4e8ea00f842adc581ab5,0.6666666666666714,0.3333333333333428,0.0020933638549528455,-0.008639860577103642,0.008639860577103642
gap1124_true_minus_fixed,3620feb00d744241a94855f3a8913a78,-3.947368421052623,-2.3684210526315894,-0.041885897176176135,0.05509621646476659,-0.05509621646476659
gap1124_true_minus_fixed,377df4ee88ec46c9be892080557263f6,0.0,0.0,0.0,0.0,0.0
gap1124_true_minus_fixed,3eb275ac391e46aa8fad54e18a7b5a8f,0.0,0.0,-7.881997576431043e-05,0.0009535774650127893,-0.0009535774650127893
gap1124_true_minus_fixed,3eff2b1ecf29497e9967dd21509431fe,0.0,0.0,0.0007518446655105926,-0.0012699643319668552,0.0012699643319668552
gap1124_true_minus_fixed,48d06a263b314b48bd41343ea5f5d158,0.0,0.0,0.0016776485647833628,0.00013891412616404142,-0.00013891412616404142
gap1124_true_minus_fixed,4a8058d0441a46d381995e1af1086039,-0.5555555555555429,0.0,-0.010027896547612491,-0.0028613058503638156,0.0028613058503638156
gap1124_true_minus_fixed,52770232202d4ad1a98ed07d5b4c20b9,-0.25,-0.25,-0.0027544260178905544,0.010297045014883877,-0.010297045014883877
gap1124_true_minus_fixed,55527032f0174fefa3b051a24707bf08,0.0,0.0,0.00016173373793104684,-0.002358974837854466,0.002358974837854466
gap1124_true_minus_fixed,6346de1c47584b34833d6df500d2ed6c,-1.1538461538461604,0.0,-0.010509341854513243,0.0009666379319404339,-0.0009666379319404339
gap1124_true_minus_fixed,63510eb8f6ed4b3189002b1f2648ea1f,0.0,0.0,7.585845928359536e-06,-4.1682807739751304e-05,4.1682807739751304e-05
gap1124_true_minus_fixed,64b22104a573415a8c860fc22214619c,0.0,0.9375,0.00043210428451351257,-0.1841578262909096,0.1841578262909096
gap1124_true_minus_fixed,64ce64c25d424c3088db384021d8dbb3,0.0,0.0,0.00019900137542705476,-0.00026266221782539345,0.00026266221782539345
gap1124_true_minus_fixed,65acd0cbce474d9cb2eef362a1b279be,0.0,0.0,0.00022368556389540384,-0.00032966207674789416,0.00032966207674789416
gap1124_true_minus_fixed,6786acf4f6b644639d550c608785320f,-0.2631578947368425,-0.2631578947368425,-0.0012827605216471638,0.006320101341626749,-0.006320101341626749
gap1124_true_minus_fixed,68dbf490d231446f92fa7dbd366c8b93,0.0,0.0,0.00047119101193437984,-0.0004977201361504313,0.0004977201361504313
gap1124_true_minus_fixed,6ad58d370ed542a9a68e1fcf5a4f2ee7,0.0,0.0,7.214393677468234e-05,-0.0008315367343576519,0.0008315367343576519
gap1124_true_minus_fixed,6dafc154a9ef43ff8fd680620dc90433,0.0,0.0,0.0016056299156018694,-0.0014885873967644403,0.0014885873967644403
gap1124_true_minus_fixed,713b6bedc51f4d1b9802a13aec39aaf3,-0.5555555555555571,0.0,-0.005615020593339959,0.003996194501319911,-0.003996194501319911
gap1124_true_minus_fixed,720ca55c654a4ac8bfe9babd1c1072be,-0.3846153846153868,0.0,-0.0012023410375046062,0.0024049034172025086,-0.0024049034172025086
gap1124_true_minus_fixed,7328a1bef88b4e84aa2ee0d837effd8d,0.0,0.0,-0.0003400464143107351,0.0006926739949274091,-0.0006926739949274091
gap1124_true_minus_fixed,7581fd7e9c0f426cb0efb9ea1f3f2830,1.1538461538461604,-0.3846153846153868,0.011952943658466775,0.011576186030119617,-0.011576186030119617
gap1124_true_minus_fixed,77268b95b44a4b89ad17df89479de81c,0.0,0.3846153846153797,0.00032651196949384786,-0.006824223494052317,0.006824223494052317
gap1124_true_minus_fixed,7a2612095f7840048f58d69a07e836a5,1.7857142857142776,1.0714285714285552,0.01302280209370843,-0.013455260235694877,0.013455260235694877
gap1124_true_minus_fixed,802bbdc22d21477f8803a39a5e7e98bf,0.0,0.0,0.0,0.0,0.0
gap1124_true_minus_fixed,84755505e70547af890aff9db860f692,1.5625,2.96875,0.01688543416315247,-0.0784398134041201,0.0784398134041201
gap1124_true_minus_fixed,85269a87307a4ee3967e37b496e32280,0.0,-0.4166666666666714,-0.0009634880973456439,0.0019041693934654935,-0.0019041693934654935
gap1124_true_minus_fixed,856aeb4fa2024f1284c6290a44e9dec5,0.2500000000000142,0.5,0.001272884581057454,-0.0016449853901328026,0.0016449853901328026
gap1124_true_minus_fixed,898c8b3c29d64d80806dd5e5fc6c02d3,-0.8333333333333286,0.0,-0.0009750874482084004,0.00034672229046627673,-0.00034672229046627673
gap1124_true_minus_fixed,8ce4fe54af77467d90c840465f69677f,-0.3333333333333144,-0.3333333333333428,-0.0019075668977960314,0.004062237937626889,-0.004062237937626889
gap1124_true_minus_fixed,8fba9861aa6d4d14b78c90fbb5372fb2,0.0,0.0,0.0007256053101388771,-0.0014386372222482402,0.0014386372222482402
gap1124_true_minus_fixed,96c353e8f14d4a63ba2b844d43cffc42,4.230769230769241,5.384615384615358,0.0401238728847545,-0.10048507275381235,0.10048507275381235
gap1124_true_minus_fixed,98eef3fdea464efd92fb6aaf0ebe8c9a,0.0,0.0,-7.423100025688578e-06,0.0003206968576032754,-0.0003206968576032754
gap1124_true_minus_fixed,9c5151b34911482f8155ab55c3f5d32f,0.0,0.0,0.0,0.5095125739256154,-0.5095125739256154
gap1124_true_minus_fixed,9ca01ff2a1b54d2eafaed768e58783ad,0.2777777777777857,0.27777777777777146,0.0063805803831160635,-0.011991724171298512,0.011991724171298512
gap1124_true_minus_fixed,9e5f09bc19cd473dae219194ada64f3d,0.0,-1.6666666666666714,-0.005006072466412159,0.029653090144169447,-0.029653090144169447
gap1124_true_minus_fixed,a1cc58fdb3fa4a0097a315a77ce1be90,1.9999999999999858,2.0,0.025706608524370456,-0.03683969331670511,0.03683969331670511
gap1124_true_minus_fixed,a661e4cd1f644266a8307b4948082ae7,-0.5882352941176379,-0.5882352941176521,-0.007966722938485993,0.0022300427929761724,-0.0022300427929761724
gap1124_true_minus_fixed,a6ca1e8c4eee458cb4981e02f58c954f,0.5555555555555429,0.0,0.003007181011803306,-0.001693440087642606,0.001693440087642606
gap1124_true_minus_fixed,a9916751b03c494dafa2eddc4496e702,0.0,0.0,0.0001278715410195641,-0.00013260071833595677,0.00013260071833595677
gap1124_true_minus_fixed,b9df4a8540da4a3a94d7911ead8c1bc8,-0.8333333333333357,-1.6666666666666714,-0.0042651521736000175,0.024698491288116187,-0.024698491288116187
gap1124_true_minus_fixed,bbe3bc5ca1434a2ea802f5ed5062785e,0.7692307692307736,1.1538461538461604,0.01133776495693617,-0.01317752859909091,0.01317752859909091
gap1124_true_minus_fixed,c283b224a9984736bff67a2f347866fa,0.0,0.0,-1.7532608758724644e-05,-1.853929382859068,1.853929382859068
gap1124_true_minus_fixed,ca3f0ced132845b4afce73a6f27a953e,0.0,0.0,-0.0005328349262259113,0.000577364377316647,-0.000577364377316647
gap1124_true_minus_fixed,ca5b3ca5aea745ee8fe12b0f74d77f8e,0.2380952380952479,0.0,0.001189735857014873,8.903704861618067e-06,-8.903704861618067e-06
gap1124_true_minus_fixed,d0f5aace57684923b8a44b554b006fb2,0.0,-0.2499999999999929,-0.00015203333886543158,0.0009429562457680118,-0.0009429562457680118
gap1124_true_minus_fixed,d71462c2ae74472bae3adbf7a41b2fc7,0.0,0.0,-0.0002319716669100247,0.0023291436795885856,-0.0023291436795885856
gap1124_true_minus_fixed,db7d65690f2e412e887468596e2ddabf,1.1538461538461462,0.3846153846153726,0.010024010965456132,-0.007313701974249187,0.007313701974249187
gap1124_true_minus_fixed,dc762bf1bc694d3e8141bf592f9b1456,0.0,0.0,5.733285584691439e-05,-0.0025420386265881945,0.0025420386265881945
gap1124_true_minus_fixed,dce1fda2d70945c792dcc27074ec6aa9,0.25,-0.25,-0.003025603930509768,0.053355194716837806,-0.053355194716837806
gap1124_true_minus_fixed,e2878e5b8aa849a18e39baee3f3440bd,-0.2380952380952408,0.0,-0.0004355384299241649,0.00022514905714304811,-0.00022514905714304811
gap1124_true_minus_fixed,e3f3d97fa9564422a37828d01c8a2f5f,-9.615384615384599,-6.538461538461533,-0.09747227847332085,0.116674644269946,-0.116674644269946
gap1124_true_minus_fixed,e561b60694dc4514b6dddcfc5a5b6a90,0.0,0.0,-0.00023659263116271312,0.0008571180636882947,-0.0008571180636882947
gap1124_true_minus_fixed,e5cabb9d6b474377a206feab4ec64d3f,0.0,0.0,0.00010304312445619246,0.0002922590002297776,-0.0002922590002297776
gap1124_true_minus_fixed,e73ba8faf67d40c8b6b653489393ef8b,0.0,0.0,-0.000528051150571196,0.00197519821264891,-0.00197519821264891
gap1124_true_minus_fixed,eaaf60765ee8478f8e0bd4942571c6fb,0.0,0.0,-0.0004348622204041197,-0.00010540824961302597,0.00010540824961302597
gap1124_true_minus_fixed,ebb251e1e8b144c697dc28c22bb44b13,0.0,0.0,0.00013132791013037437,-0.00014004532391542757,0.00014004532391542757
gap1124_true_minus_fixed,ec221beba32448e4a9865e920aeefed5,0.0,0.0,7.101251102648032e-06,-9.054587897650013e-05,9.054587897650013e-05
gap1124_true_minus_fixed,ec2a550c52b240d98c9c3bca3d06602f,0.0,0.0,0.00012778675324287558,-0.00028419874935703415,0.00028419874935703415
gap1124_true_minus_fixed,ec5241e32939433baeb2b3955920b28c,-4.411764705882348,-2.058823529411768,-0.043830864215117726,0.03433276203061547,-0.03433276203061547
gap1124_true_minus_fixed,f2d9e6f194ee446eafc7a79fcb32994a,0.0,0.0,-0.00034273829378905774,0.00033734038979040676,-0.00033734038979040676
gap1124_true_minus_fixed,f3995943006145ca8a7bc375527f0aba,0.0,0.0,0.0,0.00012732405607707165,-0.00012732405607707165
gap1124_true_minus_fixed,f4af7fd215ee47aa8b64bac0443d7be8,0.0,0.0,0.0,0.0,0.0
gap1124_true_minus_fixed,f5c0c1968ef0486cb3183e521841352f,0.0,0.0,-1.1379667528843562e-05,-4.651218151602299e-07,4.651218151602299e-07
gap1124_true_minus_fixed,f7f666bf92c049bea8fabc42a8831005,0.4166666666666714,0.0,0.00044541820976928825,-0.00032039016350659394,0.00032039016350659394
gap1124_true_minus_fixed,f987ba5f8e6243889a731f8cffe1934b,-0.882352941176471,0.2941176470588118,-0.005557631021079756,-0.0108767330659017,0.0108767330659017
gap1124_true_minus_fixed,fa6ddc168ffb4ab88b718f719357211e,-0.8823529411764781,-0.5882352941176379,-0.008033993986685473,0.017178684569370162,-0.017178684569370162
gap1124_true_minus_fixed,fd4ce422e0db4ad3ab978a811ba04d3a,-0.4999999999999858,-0.75,-0.006444206604314551,0.009766255258538636,-0.009766255258538636
gap1124_true_minus_fixed,fe050ab6b19d41d8bc2641f9835e9d1b,0.0,0.0,1.2703468653729733e-05,-6.133058667689983e-05,6.133058667689983e-05
gap1124_true_minus_shuffled,007842c92eaf4351b5a9678f7e7094f3,0.0,0.0,-0.00013706421012660286,0.00014521368063358242,-0.00014521368063358242
gap1124_true_minus_shuffled,045cd82a77a1472499e8c15100cb5ff3,0.0,0.0,0.0,0.0050494126487024005,-0.0050494126487024005
gap1124_true_minus_shuffled,06ff24b7f1e8479b934f1b74348028bc,-15.882352941176467,-23.529411764705884,-0.16373293522793875,1.2217443757494224,-1.2217443757494224
gap1124_true_minus_shuffled,0b2ef8648d3c467989b67d5a3ce2a3df,0.0,0.0,2.4408853785407025e-08,-0.829069186264527,0.829069186264527
gap1124_true_minus_shuffled,0bfc7d407d09490cba7ac57897fcb100,0.7692307692307736,0.0,0.003606152419482922,0.0006565780544987576,-0.0006565780544987576
gap1124_true_minus_shuffled,0cfdfb5bbe8a41268271e24f2edefb9c,0.0,0.0,1.794207578764695e-05,-0.00013156027572319706,0.00013156027572319706
gap1124_true_minus_shuffled,11a08ff383a6451bbda6b9af56cfa6e2,-3.529411764705884,-1.764705882352942,-0.030590720687200368,0.023872007976943166,-0.023872007976943166
gap1124_true_minus_shuffled,143ecd5e93614768bdb3da695e76c409,0.0,0.0,-0.00012249272787323573,0.002330901476877756,-0.002330901476877756
gap1124_true_minus_shuffled,19f5d51759454803ae8bbc45bfb92737,5.000000000000014,3.333333333333343,0.05136533738428328,-0.08404139376194839,0.08404139376194839
gap1124_true_minus_shuffled,1a018f3bcdea44f9ab60912938495032,0.0,0.0,0.0,0.909549968368264,-0.909549968368264
gap1124_true_minus_shuffled,1e4a740fd22b44dda3eed861e6e3f170,5.0,10.555555555555543,0.048376722683935225,-0.20443944159617272,0.20443944159617272
gap1124_true_minus_shuffled,1f8d7e8410ed435da374688590a13b0a,0.0,0.0,-0.00016705945561512614,0.00014364619974646664,-0.00014364619974646664
gap1124_true_minus_shuffled,200c440c0e9b4627ad4f3047227016a2,0.0,0.0,7.961944863917048e-06,-0.0012636151156826259,0.0012636151156826259
gap1124_true_minus_shuffled,2197057ff31949819b309f2c7ec9a113,0.0,0.0,-0.002744791060239171,0.002781574089620653,-0.002781574089620653
gap1124_true_minus_shuffled,29d3fb54f8b746118133456815b12eeb,0.0,0.0,0.0011833431152015184,-0.0010692107004983131,0.0010692107004983131
gap1124_true_minus_shuffled,29f69a7cb2c544c8a5ef26437a48e021,-0.588235294117645,-0.29411764705882604,-0.005862447877520327,0.008472297312354882,-0.008472297312354882
gap1124_true_minus_shuffled,2a42fd0e123c455fbaeb1c5f03dba0b2,3.4615384615384386,0.7692307692307594,0.03859595046846209,-0.027634248274368584,0.027634248274368584
gap1124_true_minus_shuffled,2cc84e32d40647b185276f8d7baf5322,6.666666666666664,17.500000000000007,0.06353898274806558,-0.33204529763813073,0.33204529763813073
gap1124_true_minus_shuffled,2e84949acbd84ea3857ca2a04e50b6a4,0.0,0.0,-0.0001523396694889656,0.00044324428763875545,-0.00044324428763875545
gap1124_true_minus_shuffled,2ef4b4d20b064d34b754f68e48f5a5c2,-0.9375000000000142,-0.3125,-0.008678186640638463,0.0032577828788605823,-0.0032577828788605823
gap1124_true_minus_shuffled,307a3275c31f452eb9c7c66636c7bb27,0.0,0.0,0.0002825122417922099,-0.0004595966517735306,0.0004595966517735306
gap1124_true_minus_shuffled,349232409f354033b215b5e37c3312ab,0.0,0.0,-0.00018502447380019937,0.00016098363223449041,-0.00016098363223449041
gap1124_true_minus_shuffled,34daad97663c4e8ea00f842adc581ab5,0.6666666666666714,0.3333333333333428,0.0017166604308835876,-0.007209284772057789,0.007209284772057789
gap1124_true_minus_shuffled,3620feb00d744241a94855f3a8913a78,-4.2105263157894655,-3.1578947368420955,-0.047233171417331354,0.06714448441358645,-0.06714448441358645
gap1124_true_minus_shuffled,377df4ee88ec46c9be892080557263f6,0.0,0.0,0.00011613906845286959,-0.00015792791173971366,0.00015792791173971366
gap1124_true_minus_shuffled,3eb275ac391e46aa8fad54e18a7b5a8f,0.0,0.0,-0.00045962342376643095,0.0014431201582649766,-0.0014431201582649766
gap1124_true_minus_shuffled,3eff2b1ecf29497e9967dd21509431fe,0.0,0.0,5.4932166346888245e-05,-9.224298911564288e-05,9.224298911564288e-05
gap1124_true_minus_shuffled,48d06a263b314b48bd41343ea5f5d158,1.2499999999999858,0.625,0.011404905794341946,-0.0020117501464134713,0.0020117501464134713
gap1124_true_minus_shuffled,4a8058d0441a46d381995e1af1086039,-1.1111111111111,-0.5555555555555571,-0.01563280626390051,0.01409226921631207,-0.01409226921631207
gap1124_true_minus_shuffled,52770232202d4ad1a98ed07d5b4c20b9,0.25,0.75,0.002210730707290165,-0.007782001773382785,0.007782001773382785
gap1124_true_minus_shuffled,55527032f0174fefa3b051a24707bf08,-0.2380952380952337,-0.2380952380952266,-0.0014085136278007004,0.0014673689146673663,-0.0014673689146673663
gap1124_true_minus_shuffled,6346de1c47584b34833d6df500d2ed6c,-0.3846153846153868,1.538461538461533,-0.0032915450933838075,-0.012683729444937536,0.012683729444937536
gap1124_true_minus_shuffled,63510eb8f6ed4b3189002b1f2648ea1f,0.0,0.0,-4.934810212758878e-05,0.00025761941493818163,-0.00025761941493818163
gap1124_true_minus_shuffled,64b22104a573415a8c860fc22214619c,0.0,0.78125,-0.0018909420306387204,-0.026384123534908266,0.026384123534908266
gap1124_true_minus_shuffled,64ce64c25d424c3088db384021d8dbb3,0.0,0.0,-0.00040424922093085236,-4.755370430625794e-06,4.755370430625794e-06
gap1124_true_minus_shuffled,65acd0cbce474d9cb2eef362a1b279be,0.0,0.0,0.00019606603719946047,-0.000509719883898363,0.000509719883898363
gap1124_true_minus_shuffled,6786acf4f6b644639d550c608785320f,-0.2631578947368425,-0.2631578947368425,-0.0018563570375750849,0.005840570937062917,-0.005840570937062917
gap1124_true_minus_shuffled,68dbf490d231446f92fa7dbd366c8b93,0.0,0.0,0.00018777922047685802,-0.00011446458441902174,0.00011446458441902174
gap1124_true_minus_shuffled,6ad58d370ed542a9a68e1fcf5a4f2ee7,0.0,0.0,-1.2257810969584781e-05,9.189616772431464e-05,-9.189616772431464e-05
gap1124_true_minus_shuffled,6dafc154a9ef43ff8fd680620dc90433,0.0,0.0,0.0008745862695311857,-0.0008242341024372046,0.0008242341024372046
gap1124_true_minus_shuffled,713b6bedc51f4d1b9802a13aec39aaf3,-0.5555555555555571,0.0,-0.006068516781861377,0.005418604771879776,-0.005418604771879776
gap1124_true_minus_shuffled,720ca55c654a4ac8bfe9babd1c1072be,0.0,0.3846153846153726,0.00026728246875917794,-0.002550484067769032,0.002550484067769032
gap1124_true_minus_shuffled,7328a1bef88b4e84aa2ee0d837effd8d,0.0,0.0,-0.0003311058402315492,0.0006782314379713949,-0.0006782314379713949
gap1124_true_minus_shuffled,7581fd7e9c0f426cb0efb9ea1f3f2830,1.5384615384615614,0.0,0.016331925690916904,0.002523366796482032,-0.002523366796482032
gap1124_true_minus_shuffled,77268b95b44a4b89ad17df89479de81c,0.38461538461538325,0.7692307692307665,0.0016217587639703601,-0.011016828555908686,0.011016828555908686
gap1124_true_minus_shuffled,7a2612095f7840048f58d69a07e836a5,-1.0714285714285694,-0.3571428571428612,-0.007165807497034882,0.026046610648249258,-0.026046610648249258
gap1124_true_minus_shuffled,802bbdc22d21477f8803a39a5e7e98bf,0.0,0.0,-1.624124924826109e-05,3.840632955331991e-05,-3.840632955331991e-05
gap1124_true_minus_shuffled,84755505e70547af890aff9db860f692,1.5625,2.96875,0.01665831373747162,-0.07730759904753814,0.07730759904753814
gap1124_true_minus_shuffled,85269a87307a4ee3967e37b496e32280,0.0,0.0,0.0009014487399949811,-0.0007522560121437927,0.0007522560121437927
gap1124_true_minus_shuffled,856aeb4fa2024f1284c6290a44e9dec5,0.2500000000000142,0.5,0.0012850523810101766,-0.001615032826605245,0.001615032826605245
gap1124_true_minus_shuffled,898c8b3c29d64d80806dd5e5fc6c02d3,0.0,0.0,0.002711854526295965,-0.0008241672291330118,0.0008241672291330118
gap1124_true_minus_shuffled,8ce4fe54af77467d90c840465f69677f,-0.3333333333333144,-0.3333333333333428,-0.001363844826786198,0.003625513708018835,-0.003625513708018835
gap1124_true_minus_shuffled,8fba9861aa6d4d14b78c90fbb5372fb2,0.0,0.25,0.0006231495660924957,-0.0029659097632959153,0.0029659097632959153
gap1124_true_minus_shuffled,96c353e8f14d4a63ba2b844d43cffc42,4.230769230769241,5.384615384615358,0.04033157645347196,-0.10277636268728252,0.10277636268728252
gap1124_true_minus_shuffled,98eef3fdea464efd92fb6aaf0ebe8c9a,0.0,0.0,7.278227742796295e-06,-3.65503729655714e-05,3.65503729655714e-05
gap1124_true_minus_shuffled,9c5151b34911482f8155ab55c3f5d32f,0.0,0.0,-1.4195605744837803e-05,0.5458407602581516,-0.5458407602581516
gap1124_true_minus_shuffled,9ca01ff2a1b54d2eafaed768e58783ad,1.4210854715202004e-14,0.5555555555555571,0.005182527876122167,-0.010755116397392572,0.010755116397392572
gap1124_true_minus_shuffled,9e5f09bc19cd473dae219194ada64f3d,0.0,-0.8333333333333428,-0.0029650364555582343,0.014147398877299572,-0.014147398877299572
gap1124_true_minus_shuffled,a1cc58fdb3fa4a0097a315a77ce1be90,1.9999999999999858,2.0,0.025519547035690482,-0.03609190471491053,0.03609190471491053
gap1124_true_minus_shuffled,a661e4cd1f644266a8307b4948082ae7,0.0,0.0,-0.006831792743806631,-0.006371487868372938,0.006371487868372938
gap1124_true_minus_shuffled,a6ca1e8c4eee458cb4981e02f58c954f,0.5555555555555429,0.0,0.0015166141494935559,-0.0010249819122145343,0.0010249819122145343
gap1124_true_minus_shuffled,a9916751b03c494dafa2eddc4496e702,0.0,0.0,0.00047118189178774195,-0.0002995576219107232,0.0002995576219107232
gap1124_true_minus_shuffled,b9df4a8540da4a3a94d7911ead8c1bc8,-5.8333333333333215,-10.833333333333343,-0.06061754013356402,0.20861492853041697,-0.20861492853041697
gap1124_true_minus_shuffled,bbe3bc5ca1434a2ea802f5ed5062785e,3.846153846153854,2.6923076923076934,0.03735644250003056,-0.057926128556098105,0.057926128556098105
gap1124_true_minus_shuffled,c283b224a9984736bff67a2f347866fa,-1.25,-6.5625,-0.014769048607181534,0.31835656080615493,-0.31835656080615493
gap1124_true_minus_shuffled,ca3f0ced132845b4afce73a6f27a953e,0.0,0.0,-0.0002183019174172296,0.0003307102188347122,-0.0003307102188347122
gap1124_true_minus_shuffled,ca5b3ca5aea745ee8fe12b0f74d77f8e,-0.2380952380952408,0.0,-0.001388172707644908,0.0019606271701376743,-0.0019606271701376743
gap1124_true_minus_shuffled,d0f5aace57684923b8a44b554b006fb2,0.0,0.2500000000000071,0.0009378576482843015,-0.001244401990408428,0.001244401990408428
gap1124_true_minus_shuffled,d71462c2ae74472bae3adbf7a41b2fc7,0.0,0.0,-2.8712876721737057e-05,0.001750955319711589,-0.001750955319711589
gap1124_true_minus_shuffled,db7d65690f2e412e887468596e2ddabf,0.0,0.0,0.001321123717594519,-0.0010655638602586615,0.0010655638602586615
gap1124_true_minus_shuffled,dc762bf1bc694d3e8141bf592f9b1456,0.0,0.0,9.565225813334965e-05,-0.0038705251278372543,0.0038705251278372543
gap1124_true_minus_shuffled,dce1fda2d70945c792dcc27074ec6aa9,0.25,7.105427357601002e-15,-0.003153746357462628,0.051457929007673986,-0.051457929007673986
gap1124_true_minus_shuffled,e2878e5b8aa849a18e39baee3f3440bd,0.0,0.2380952380952408,0.000629029504898182,-0.000575319618054293,0.000575319618054293
gap1124_true_minus_shuffled,e3f3d97fa9564422a37828d01c8a2f5f,-12.307692307692292,-6.538461538461533,-0.1181432346866258,0.1126535898409432,-0.1126535898409432
gap1124_true_minus_shuffled,e561b60694dc4514b6dddcfc5a5b6a90,0.0,0.0,-0.00023659263116271312,0.0008571180636882947,-0.0008571180636882947
gap1124_true_minus_shuffled,e5cabb9d6b474377a206feab4ec64d3f,0.0,0.0,0.0001255127668584599,0.00015992704142001046,-0.00015992704142001046
gap1124_true_minus_shuffled,e73ba8faf67d40c8b6b653489393ef8b,0.0,0.0,0.00010381921152968765,-0.00043331873754476335,0.00043331873754476335
gap1124_true_minus_shuffled,eaaf60765ee8478f8e0bd4942571c6fb,0.0,0.0,-0.0003939388180038139,-0.0005981969650495911,0.0005981969650495911
gap1124_true_minus_shuffled,ebb251e1e8b144c697dc28c22bb44b13,0.0,0.0,0.00013141428364005225,-0.00013929758690064964,0.00013929758690064964
gap1124_true_minus_shuffled,ec221beba32448e4a9865e920aeefed5,0.0,0.0,0.0001174264988579865,-0.00025022547548003704,0.00025022547548003704
gap1124_true_minus_shuffled,ec2a550c52b240d98c9c3bca3d06602f,0.0,0.0,0.00018191370668052542,-0.00038222123313724765,0.00038222123313724765
gap1124_true_minus_shuffled,ec5241e32939433baeb2b3955920b28c,-5.000000000000014,-2.941176470588232,-0.05169201933862011,0.049428489882660354,-0.049428489882660354
gap1124_true_minus_shuffled,f2d9e6f194ee446eafc7a79fcb32994a,0.0,0.0,0.000746201502577426,-0.0004988846127609789,0.0004988846127609789
gap1124_true_minus_shuffled,f3995943006145ca8a7bc375527f0aba,0.0,0.0,0.0,-0.00011745579879729462,0.00011745579879729462
gap1124_true_minus_shuffled,f4af7fd215ee47aa8b64bac0443d7be8,0.0,0.0,0.0,0.0,0.0
gap1124_true_minus_shuffled,f5c0c1968ef0486cb3183e521841352f,0.0,0.0,-1.1379667528843562e-05,-4.651218151602299e-07,4.651218151602299e-07
gap1124_true_minus_shuffled,f7f666bf92c049bea8fabc42a8831005,0.4166666666666714,0.0,0.0006593811883669476,-0.0004258781602845818,0.0004258781602845818
gap1124_true_minus_shuffled,f987ba5f8e6243889a731f8cffe1934b,2.058823529411761,1.4705882352941018,0.02179927348336741,-0.04176918857295858,0.04176918857295858
gap1124_true_minus_shuffled,fa6ddc168ffb4ab88b718f719357211e,-0.8823529411764781,1.17647058823529,-0.005619291404841853,-0.005794704279533436,0.005794704279533436
gap1124_true_minus_shuffled,fd4ce422e0db4ad3ab978a811ba04d3a,-1.999999999999993,-2.0,-0.020009857737447678,0.032855179639037724,-0.032855179639037724
gap1124_true_minus_shuffled,fe050ab6b19d41d8bc2641f9835e9d1b,0.0,0.29411764705882604,4.854339561100041e-06,-2.41253693544774e-06,2.41253693544774e-06
