group_key,group_name,protocol,item_order,source,source_model,display_model,role,metric,final,final_epoch,final_step,best,best_epoch,best_step,best_final_gap,mean,std,baseline_final,baseline_best,final_delta_vs_group_baseline,best_delta_vs_group_baseline,note
main_a1_a2_p5_60ep,Main A1/A2/P5 Progression (60ep),60ep seed42 nuScenes-mini,0,main,SeqTrack baseline,SeqTrack baseline,baseline,success/test,50.9858,60,75719,52.2834,35,44169,1.2976000000000028,47.96790833333333,3.474774840057586,50.9858,52.2834,0.0,0.0,baseline
main_a1_a2_p5_60ep,Main A1/A2/P5 Progression (60ep),60ep seed42 nuScenes-mini,0,main,SeqTrack baseline,SeqTrack baseline,baseline,precision/test,59.9617,60,75719,65.2144,10,12619,5.252699999999997,55.92588333333333,6.395816864669351,59.9617,65.2144,0.0,0.0,baseline
main_a1_a2_p5_60ep,Main A1/A2/P5 Progression (60ep),60ep seed42 nuScenes-mini,1,main,A1 CT-base,A1 raw real-time,variant,success/test,28.27680778503418,60,75719,32.35557556152344,15,18929,4.078767776489258,27.853393077850345,1.8436659784925964,50.9858,52.2834,-22.708992214965818,-19.927824438476563,raw real timestamp main branch
main_a1_a2_p5_60ep,Main A1/A2/P5 Progression (60ep),60ep seed42 nuScenes-mini,1,main,A1 CT-base,A1 raw real-time,variant,precision/test,27.42888641357422,60,75719,40.36105346679688,10,12619,12.932167053222663,28.39369185765584,4.878107312057727,59.9617,65.2144,-32.53281358642578,-24.853346533203116,raw real timestamp main branch
main_a1_a2_p5_60ep,Main A1/A2/P5 Progression (60ep),60ep seed42 nuScenes-mini,2,main,A2 Dynamics,A2 raw-dyn,variant,success/test,45.26586532592773,60,75719,45.35995864868164,25,31549,0.09409332275391336,42.48468462626139,4.833066177010342,50.9858,52.2834,-5.71993467407227,-6.92344135131836,raw real-time + dynamics
main_a1_a2_p5_60ep,Main A1/A2/P5 Progression (60ep),60ep seed42 nuScenes-mini,2,main,A2 Dynamics,A2 raw-dyn,variant,precision/test,58.83151245117188,60,75719,58.852298736572266,25,31549,0.02078628540038352,52.180252393086754,9.769389836780594,59.9617,65.2144,-1.1301875488281183,-6.362101263427732,raw real-time + dynamics
main_a1_a2_p5_60ep,Main A1/A2/P5 Progression (60ep),60ep seed42 nuScenes-mini,3,main,CT P5 full,P5 full,variant,success/test,31.1937,60,75719,44.9836,25,31549,13.789900000000003,33.39751666666667,7.988249026417213,50.9858,52.2834,-19.792099999999998,-7.299799999999998,raw real-time + dynamics + gate
main_a1_a2_p5_60ep,Main A1/A2/P5 Progression (60ep),60ep seed42 nuScenes-mini,3,main,CT P5 full,P5 full,variant,precision/test,31.8851,60,75719,62.512,5,6309,30.6269,36.08916666666666,12.583395080245856,59.9617,65.2144,-28.0766,-2.7023999999999972,raw real-time + dynamics + gate
a1_time_variants_60ep,A1 Time Encoding / Main-Branch Variants (60ep),60ep seed42 nuScenes-mini,0,a1_time,SeqTrack baseline,SeqTrack baseline,baseline,success/test,50.9858,60,75719,52.2834,35,44169,1.2976000000000028,47.967908333333334,3.474774840057586,50.9858,52.2834,0.0,0.0,baseline
a1_time_variants_60ep,A1 Time Encoding / Main-Branch Variants (60ep),60ep seed42 nuScenes-mini,0,a1_time,SeqTrack baseline,SeqTrack baseline,baseline,precision/test,59.9617,60,75719,65.2144,10,12619,5.252699999999997,55.92588333333333,6.395816864669351,59.9617,65.2144,0.0,0.0,baseline
a1_time_variants_60ep,A1 Time Encoding / Main-Branch Variants (60ep),60ep seed42 nuScenes-mini,1,a1_time,A1-raw,A1 raw,variant,success/test,28.27680778503418,60,75719,32.35557556152344,15,18929,4.078767776489258,27.853393077850342,1.8436659784925957,50.9858,52.2834,-22.708992214965818,-19.927824438476563,real seconds in main branch
a1_time_variants_60ep,A1 Time Encoding / Main-Branch Variants (60ep),60ep seed42 nuScenes-mini,1,a1_time,A1-raw,A1 raw,variant,precision/test,27.42888641357422,60,75719,40.36105346679688,10,12619,12.932167053222663,28.393691857655842,4.878107312057729,59.9617,65.2144,-32.53281358642578,-24.853346533203116,real seconds in main branch
a1_time_variants_60ep,A1 Time Encoding / Main-Branch Variants (60ep),60ep seed42 nuScenes-mini,2,a1_time,A1-pseudo,A1 pseudo,variant,success/test,48.338077545166016,60,75719,49.891685485839844,45,56789,1.5536079406738281,43.89533392588297,4.434920894430533,50.9858,52.2834,-2.647722454833982,-2.3917145141601566,pseudo time sanity check
a1_time_variants_60ep,A1 Time Encoding / Main-Branch Variants (60ep),60ep seed42 nuScenes-mini,2,a1_time,A1-pseudo,A1 pseudo,variant,precision/test,52.250545501708984,60,75719,65.23851013183594,5,6309,12.987964630126953,50.827043215433754,7.731524730259707,59.9617,65.2144,-7.711154498291016,0.024110131835939796,pseudo time sanity check
a1_time_variants_60ep,A1 Time Encoding / Main-Branch Variants (60ep),60ep seed42 nuScenes-mini,3,a1_time,A1-MLP,A1 MLP,variant,success/test,27.438732147216797,60,75719,31.570022583007812,5,6309,4.131290435791016,27.745259126027424,2.591521926632746,50.9858,52.2834,-23.5470678527832,-20.713377416992188,scalar-preserving MLP time encoding
a1_time_variants_60ep,A1 Time Encoding / Main-Branch Variants (60ep),60ep seed42 nuScenes-mini,3,a1_time,A1-MLP,A1 MLP,variant,precision/test,26.277902603149414,60,75719,32.77571105957031,5,6309,6.497808456420898,26.779359499613445,2.9828432808821175,59.9617,65.2144,-33.683797396850586,-32.438688940429685,scalar-preserving MLP time encoding
a1_time_variants_60ep,A1 Time Encoding / Main-Branch Variants (60ep),60ep seed42 nuScenes-mini,4,a1_time,A1-Fourier,A1 Fourier,variant,success/test,30.723196029663086,60,75719,31.064552307128906,10,12619,0.3413562774658203,28.70623795191447,2.227066321886438,50.9858,52.2834,-20.26260397033691,-21.218847692871094,scalar-preserving Fourier time encoding
a1_time_variants_60ep,A1 Time Encoding / Main-Branch Variants (60ep),60ep seed42 nuScenes-mini,4,a1_time,A1-Fourier,A1 Fourier,variant,precision/test,29.81509780883789,60,75719,30.3227596282959,15,18929,0.5076618194580078,27.956055005391438,2.124786457747178,59.9617,65.2144,-30.14660219116211,-34.8916403717041,scalar-preserving Fourier time encoding
a1_time_variants_60ep,A1 Time Encoding / Main-Branch Variants (60ep),60ep seed42 nuScenes-mini,5,scaled,A1-scaled,A1 scaled,variant,success/test,31.33370018005371,60,75719,33.20240783691406,5,6309,1.8687076568603516,29.84609826405843,2.670490492579018,50.9858,52.2834,-19.652099819946287,-19.080992163085938,real time rescaled near pseudo range
a1_time_variants_60ep,A1 Time Encoding / Main-Branch Variants (60ep),60ep seed42 nuScenes-mini,5,scaled,A1-scaled,A1 scaled,variant,precision/test,31.224288940429688,60,75719,37.698028564453125,5,6309,6.4737396240234375,29.9821302096049,3.37081720921238,59.9617,65.2144,-28.737411059570313,-27.516371435546873,real time rescaled near pseudo range
a1_time_variants_60ep,A1 Time Encoding / Main-Branch Variants (60ep),60ep seed42 nuScenes-mini,6,order,A1-order,A1 order,variant,success/test,51.228668212890625,60,75719,53.29868698120117,45,56789,2.070018768310547,49.00182374318441,3.5593127541666076,50.9858,52.2834,0.24286821289062743,1.0152869812011716,restore SeqTrack order-time semantics
a1_time_variants_60ep,A1 Time Encoding / Main-Branch Variants (60ep),60ep seed42 nuScenes-mini,6,order,A1-order,A1 order,variant,precision/test,57.863243103027344,60,75719,62.01531982421875,45,56789,4.152076721191406,56.958882331848145,4.79577458241064,59.9617,65.2144,-2.0984568969726567,-3.1990801757812477,restore SeqTrack order-time semantics
a1_time_variants_60ep,A1 Time Encoding / Main-Branch Variants (60ep),60ep seed42 nuScenes-mini,7,twc_gate,A1-order+TWC,A1 order+TWC,variant,success/test,51.156455993652344,60,75720,53.15645980834961,55,69410,2.0000038146972656,47.28464698791504,6.730356317200045,50.9858,52.2834,0.17065599365234618,0.8730598083496091,active TWC on A1-order
a1_time_variants_60ep,A1 Time Encoding / Main-Branch Variants (60ep),60ep seed42 nuScenes-mini,7,twc_gate,A1-order+TWC,A1 order+TWC,variant,precision/test,61.10174560546875,60,75720,63.35011291503906,55,69410,2.2483673095703125,55.2939453125,10.470390364922704,59.9617,65.2144,1.1400456054687496,-1.8642870849609352,active TWC on A1-order
a2_dynamics_variants_60ep,A2 Dynamics Variants (60ep),60ep nuScenes-mini; cand1 has fewer optimizer steps,0,main,SeqTrack baseline,SeqTrack baseline,baseline,success/test,50.9858,60,75719,52.2834,35,44169,1.2976000000000028,47.96790833333333,3.474774840057586,50.9858,52.2834,0.0,0.0,baseline
a2_dynamics_variants_60ep,A2 Dynamics Variants (60ep),60ep nuScenes-mini; cand1 has fewer optimizer steps,0,main,SeqTrack baseline,SeqTrack baseline,baseline,precision/test,59.9617,60,75719,65.2144,10,12619,5.252699999999997,55.92588333333333,6.395816864669351,59.9617,65.2144,0.0,0.0,baseline
a2_dynamics_variants_60ep,A2 Dynamics Variants (60ep),60ep nuScenes-mini; cand1 has fewer optimizer steps,1,main,A2 Dynamics,A2 raw-dyn,variant,success/test,45.26586532592773,60,75719,45.35995864868164,25,31549,0.09409332275391336,42.48468462626139,4.833066177010342,50.9858,52.2834,-5.71993467407227,-6.92344135131836,raw real-time + dynamics
a2_dynamics_variants_60ep,A2 Dynamics Variants (60ep),60ep nuScenes-mini; cand1 has fewer optimizer steps,1,main,A2 Dynamics,A2 raw-dyn,variant,precision/test,58.83151245117188,60,75719,58.852298736572266,25,31549,0.02078628540038352,52.180252393086754,9.769389836780594,59.9617,65.2144,-1.1301875488281183,-6.362101263427732,raw real-time + dynamics
a2_dynamics_variants_60ep,A2 Dynamics Variants (60ep),60ep nuScenes-mini; cand1 has fewer optimizer steps,2,scaled,A2-scaled-dyn,A2 scaled-dyn,variant,success/test,29.410287857055664,60,75719,39.99671936035156,10,12619,10.586431503295898,31.00802453358968,3.17913608363769,50.9858,52.2834,-21.575512142944334,-12.286680639648438,scaled real time + dynamics
a2_dynamics_variants_60ep,A2 Dynamics Variants (60ep),60ep nuScenes-mini; cand1 has fewer optimizer steps,2,scaled,A2-scaled-dyn,A2 scaled-dyn,variant,precision/test,31.51422119140625,60,75719,43.676151275634766,10,12619,12.161930084228516,33.23842175801595,4.168325110637,59.9617,65.2144,-28.44747880859375,-21.538248724365232,scaled real time + dynamics
a2_dynamics_variants_60ep,A2 Dynamics Variants (60ep),60ep nuScenes-mini; cand1 has fewer optimizer steps,3,order,A2-order-dyn,A2 order-dyn seed42,variant,success/test,50.961708068847656,60,75719,51.54158020019531,45,56789,0.5798721313476562,46.82768154144287,6.5464876965080885,50.9858,52.2834,-0.024091931152341317,-0.7418197998046878,order main branch + dynamics
a2_dynamics_variants_60ep,A2 Dynamics Variants (60ep),60ep nuScenes-mini; cand1 has fewer optimizer steps,3,order,A2-order-dyn,A2 order-dyn seed42,variant,precision/test,63.31401062011719,60,75719,63.573307037353516,10,12619,0.2592964172363281,57.76294803619385,9.903122816696325,59.9617,65.2144,3.352310620117187,-1.641092962646482,order main branch + dynamics
a2_dynamics_variants_60ep,A2 Dynamics Variants (60ep),60ep nuScenes-mini; cand1 has fewer optimizer steps,4,cand_disp,A2-order-dyn-cand1,A2 cand1,variant,success/test,26.677244186401367,60,18899,41.98577880859375,10,3149,15.308534622192383,30.446207523345947,5.18410389096195,50.9858,52.2834,-24.30855581359863,-10.29762119140625,"num_candidates=1, not step-aligned"
a2_dynamics_variants_60ep,A2 Dynamics Variants (60ep),60ep nuScenes-mini; cand1 has fewer optimizer steps,4,cand_disp,A2-order-dyn-cand1,A2 cand1,variant,precision/test,24.4989070892334,60,18899,54.624725341796875,5,1574,30.125818252563477,31.58980719248454,9.682322576827923,59.9617,65.2144,-35.4627929107666,-10.589674658203123,"num_candidates=1, not step-aligned"
a2_dynamics_variants_60ep,A2 Dynamics Variants (60ep),60ep nuScenes-mini; cand1 has fewer optimizer steps,5,cand_disp,A2-order-dyn-disp,A2 dyn+disp,variant,success/test,50.54157257080078,60,75719,52.44091796875,10,12619,1.8993453979492188,44.80178769429525,8.62945953432044,50.9858,52.2834,-0.4442274291992163,0.15751796874999968,small dynamics displacement loss
a2_dynamics_variants_60ep,A2 Dynamics Variants (60ep),60ep nuScenes-mini; cand1 has fewer optimizer steps,5,cand_disp,A2-order-dyn-disp,A2 dyn+disp,variant,precision/test,63.847923278808594,60,75719,64.80853271484375,40,50479,0.9606094360351562,54.72967020670573,13.082238079973898,59.9617,65.2144,3.8862232788085933,-0.4058672851562477,small dynamics displacement loss
a2_dynamics_variants_60ep,A2 Dynamics Variants (60ep),60ep nuScenes-mini; cand1 has fewer optimizer steps,6,twc_gate,A2-order-dyn+TWC,A2 dyn+TWC .05,variant,success/test,28.230854034423828,60,75720,45.235233306884766,10,12620,17.004379272460938,30.535558541615803,5.459001726774436,50.9858,52.2834,-22.75494596557617,-7.048166693115235,active TWC weight 0.05
a2_dynamics_variants_60ep,A2 Dynamics Variants (60ep),60ep nuScenes-mini; cand1 has fewer optimizer steps,6,twc_gate,A2-order-dyn+TWC,A2 dyn+TWC .05,variant,precision/test,32.03719711303711,60,75720,57.432167053222656,5,6310,25.394969940185547,35.40682125091553,9.369713042117263,59.9617,65.2144,-27.92450288696289,-7.7822329467773415,active TWC weight 0.05
a2_dynamics_variants_60ep,A2 Dynamics Variants (60ep),60ep nuScenes-mini; cand1 has fewer optimizer steps,7,latest,A2-order-dyn+TWC w0.01 seed42,A2 dyn+TWC .01,variant,success/test,22.878559112548828,60,75720,30.26805305480957,5,6310,7.389493942260742,24.34555196762085,2.4349393419002197,50.9858,52.2834,-28.10724088745117,-22.01534694519043,active TWC weight 0.01
a2_dynamics_variants_60ep,A2 Dynamics Variants (60ep),60ep nuScenes-mini; cand1 has fewer optimizer steps,7,latest,A2-order-dyn+TWC w0.01 seed42,A2 dyn+TWC .01,variant,precision/test,24.269147872924805,60,75720,32.156455993652344,5,6310,7.887308120727539,25.66475264231364,3.021597848442128,59.9617,65.2144,-35.692552127075196,-33.057944006347654,active TWC weight 0.01
twc_related_60ep,TWC-Related Runs (60ep),60ep nuScenes-mini; active TWC validity fixed,0,twc_gate,SeqTrack baseline,SeqTrack baseline,baseline,success/test,50.9858,60,75719,52.2834,35,44169,1.2976000000000028,47.967908333333334,3.4747748400575853,50.9858,52.2834,0.0,0.0,baseline
twc_related_60ep,TWC-Related Runs (60ep),60ep nuScenes-mini; active TWC validity fixed,0,twc_gate,SeqTrack baseline,SeqTrack baseline,baseline,precision/test,59.9617,60,75719,65.2144,10,12619,5.252699999999997,55.92588333333333,6.395816864669351,59.9617,65.2144,0.0,0.0,baseline
twc_related_60ep,TWC-Related Runs (60ep),60ep nuScenes-mini; active TWC validity fixed,1,twc_gate,A1-order,A1 order,variant,success/test,51.22866821289063,60,75719,53.29868698120117,45,56789,2.0700187683105398,49.00182374318441,3.559312754166607,50.9858,52.2834,0.24286821289063454,1.0152869812011716,parent for A1+TWC
twc_related_60ep,TWC-Related Runs (60ep),60ep nuScenes-mini; active TWC validity fixed,1,twc_gate,A1-order,A1 order,variant,precision/test,57.863243103027344,60,75719,62.01531982421875,45,56789,4.152076721191406,56.958882331848145,4.7957745824106395,59.9617,65.2144,-2.0984568969726567,-3.1990801757812477,parent for A1+TWC
twc_related_60ep,TWC-Related Runs (60ep),60ep nuScenes-mini; active TWC validity fixed,2,twc_gate,A1-order+TWC,A1 order+TWC,variant,success/test,51.156455993652344,60,75720,53.15645980834961,55,69410,2.0000038146972656,47.28464698791504,6.730356317200045,50.9858,52.2834,0.17065599365234618,0.8730598083496091,active TWC
twc_related_60ep,TWC-Related Runs (60ep),60ep nuScenes-mini; active TWC validity fixed,2,twc_gate,A1-order+TWC,A1 order+TWC,variant,precision/test,61.10174560546875,60,75720,63.35011291503906,55,69410,2.2483673095703125,55.2939453125,10.470390364922704,59.9617,65.2144,1.1400456054687496,-1.8642870849609352,active TWC
twc_related_60ep,TWC-Related Runs (60ep),60ep nuScenes-mini; active TWC validity fixed,3,twc_gate,A2-order-dyn,A2 order-dyn,variant,success/test,50.961708068847656,60,75719,51.54158020019531,45,56789,0.5798721313476562,46.82768154144287,6.546487696508089,50.9858,52.2834,-0.024091931152341317,-0.7418197998046878,parent for A2+TWC
twc_related_60ep,TWC-Related Runs (60ep),60ep nuScenes-mini; active TWC validity fixed,3,twc_gate,A2-order-dyn,A2 order-dyn,variant,precision/test,63.31401062011719,60,75719,63.57330703735352,10,12619,0.25929641723633523,57.76294803619385,9.903122816696326,59.9617,65.2144,3.352310620117187,-1.641092962646475,parent for A2+TWC
twc_related_60ep,TWC-Related Runs (60ep),60ep nuScenes-mini; active TWC validity fixed,4,twc_gate,A2-order-dyn+TWC,A2 dyn+TWC .05,variant,success/test,28.230854034423828,60,75720,45.235233306884766,10,12620,17.004379272460938,30.535558541615803,5.459001726774436,50.9858,52.2834,-22.75494596557617,-7.048166693115235,active TWC weight 0.05
twc_related_60ep,TWC-Related Runs (60ep),60ep nuScenes-mini; active TWC validity fixed,4,twc_gate,A2-order-dyn+TWC,A2 dyn+TWC .05,variant,precision/test,32.03719711303711,60,75720,57.432167053222656,5,6310,25.394969940185547,35.40682125091553,9.369713042117263,59.9617,65.2144,-27.92450288696289,-7.7822329467773415,active TWC weight 0.05
twc_related_60ep,TWC-Related Runs (60ep),60ep nuScenes-mini; active TWC validity fixed,5,latest,A2-order-dyn+TWC w0.01 seed42,A2 dyn+TWC .01,variant,success/test,22.878559112548828,60,75720,30.26805305480957,5,6310,7.389493942260742,24.34555196762085,2.4349393419002197,50.9858,52.2834,-28.10724088745117,-22.01534694519043,active TWC weight 0.01
twc_related_60ep,TWC-Related Runs (60ep),60ep nuScenes-mini; active TWC validity fixed,5,latest,A2-order-dyn+TWC w0.01 seed42,A2 dyn+TWC .01,variant,precision/test,24.269147872924805,60,75720,32.156455993652344,5,6310,7.887308120727539,25.66475264231364,3.021597848442128,59.9617,65.2144,-35.692552127075196,-33.057944006347654,active TWC weight 0.01
a3_gate_variants_60ep,A3 / Gate Variants (60ep),60ep nuScenes-mini plus latest retests,0,main,SeqTrack baseline,SeqTrack baseline,baseline,success/test,50.9858,60,75719,52.2834,35,44169,1.2976000000000028,47.96790833333333,3.474774840057586,50.9858,52.2834,0.0,0.0,baseline
a3_gate_variants_60ep,A3 / Gate Variants (60ep),60ep nuScenes-mini plus latest retests,0,main,SeqTrack baseline,SeqTrack baseline,baseline,precision/test,59.9617,60,75719,65.2144,10,12619,5.252699999999997,55.92588333333333,6.395816864669351,59.9617,65.2144,0.0,0.0,baseline
a3_gate_variants_60ep,A3 / Gate Variants (60ep),60ep nuScenes-mini plus latest retests,1,order,A2-order-dyn,A2 order-dyn seed42,variant,success/test,50.961708068847656,60,75719,51.54158020019531,45,56789,0.5798721313476562,46.82768154144287,6.5464876965080885,50.9858,52.2834,-0.024091931152341317,-0.7418197998046878,cleaner A2 parent
a3_gate_variants_60ep,A3 / Gate Variants (60ep),60ep nuScenes-mini plus latest retests,1,order,A2-order-dyn,A2 order-dyn seed42,variant,precision/test,63.31401062011719,60,75719,63.573307037353516,10,12619,0.2592964172363281,57.76294803619385,9.903122816696325,59.9617,65.2144,3.352310620117187,-1.641092962646482,cleaner A2 parent
a3_gate_variants_60ep,A3 / Gate Variants (60ep),60ep nuScenes-mini plus latest retests,2,main,CT P5 full,P5 full,variant,success/test,31.1937,60,75719,44.9836,25,31549,13.789900000000003,33.39751666666667,7.988249026417213,50.9858,52.2834,-19.792099999999998,-7.299799999999998,old full model with raw real-time path
a3_gate_variants_60ep,A3 / Gate Variants (60ep),60ep nuScenes-mini plus latest retests,2,main,CT P5 full,P5 full,variant,precision/test,31.8851,60,75719,62.512,5,6309,30.6269,36.08916666666666,12.583395080245856,59.9617,65.2144,-28.0766,-2.7023999999999972,old full model with raw real-time path
a3_gate_variants_60ep,A3 / Gate Variants (60ep),60ep nuScenes-mini plus latest retests,3,gate,A3-order-gate-safe,A3 gate-safe,variant,success/test,48.3205680847168,60,75720,50.99234771728516,55,69410,2.6717796325683665,44.82239818572998,5.627688170428626,50.9858,52.2834,-2.6652319152832007,-1.291052282714837,observation-biased feature gate
a3_gate_variants_60ep,A3 / Gate Variants (60ep),60ep nuScenes-mini plus latest retests,3,gate,A3-order-gate-safe,A3 gate-safe,variant,precision/test,54.86542510986328,60,75720,60.16520690917969,55,69410,5.299781799316406,51.11321544647217,6.00411177903568,59.9617,65.2144,-5.096274890136719,-5.04919309082031,observation-biased feature gate
a3_gate_variants_60ep,A3 / Gate Variants (60ep),60ep nuScenes-mini plus latest retests,4,gate,A3-order-conf-res-gate,A3 conf-res old,variant,success/test,31.173961639404297,60,75720,62.03704071044922,5,6310,30.863079071044922,34.640294551849365,11.487042169979086,50.9858,52.2834,-19.8118383605957,9.753640710449218,old run; high best not reproduced
a3_gate_variants_60ep,A3 / Gate Variants (60ep),60ep nuScenes-mini plus latest retests,4,gate,A3-order-conf-res-gate,A3 conf-res old,variant,precision/test,30.917945861816406,60,75720,76.29630279541016,15,18930,45.37835693359375,36.23795620600382,15.01903068236978,59.9617,65.2144,-29.043754138183594,11.081902795410159,old run; high best not reproduced
a3_gate_variants_60ep,A3 / Gate Variants (60ep),60ep nuScenes-mini plus latest retests,5,latest,A3-conf-res best-e14 retest,A3 best-e14 retest,variant,success/test,28.0579891204834,14,18930,28.0579891204834,14,18930,0.0,28.0579891204834,0.0,50.9858,52.2834,-22.9278108795166,-24.225410879516602,single checkpoint retest
a3_gate_variants_60ep,A3 / Gate Variants (60ep),60ep nuScenes-mini plus latest retests,5,latest,A3-conf-res best-e14 retest,A3 best-e14 retest,variant,precision/test,37.69584274291992,14,18930,37.69584274291992,14,18930,0.0,37.69584274291992,0.0,59.9617,65.2144,-22.26585725708008,-27.518557257080076,single checkpoint retest
a3_gate_variants_60ep,A3 / Gate Variants (60ep),60ep nuScenes-mini plus latest retests,6,latest,A3-conf-res rerun seed42,A3 conf-res rerun,variant,success/test,32.10612869262695,60,75720,34.545955657958984,40,50480,2.4398269653320312,30.07968759536743,2.6900119682035224,50.9858,52.2834,-18.879671307373044,-17.737444342041016,latest seed42 rerun
a3_gate_variants_60ep,A3 / Gate Variants (60ep),60ep nuScenes-mini plus latest retests,6,latest,A3-conf-res rerun seed42,A3 conf-res rerun,variant,precision/test,31.87417984008789,60,75720,36.50437545776367,10,12620,4.630195617675781,30.13922357559204,3.891721804821249,59.9617,65.2144,-28.08752015991211,-28.710024542236326,latest seed42 rerun
a2_seed_stability_60ep,A2 Seed Stability (60ep),60ep nuScenes-mini,0,order,SeqTrack baseline,SeqTrack baseline,baseline,success/test,50.9858,60,75719,52.2834,35,44169,1.2976000000000028,47.967908333333334,3.4747748400575857,50.9858,52.2834,0.0,0.0,baseline
a2_seed_stability_60ep,A2 Seed Stability (60ep),60ep nuScenes-mini,0,order,SeqTrack baseline,SeqTrack baseline,baseline,precision/test,59.9617,60,75719,65.2144,10,12619,5.252699999999997,55.92588333333333,6.395816864669351,59.9617,65.2144,0.0,0.0,baseline
a2_seed_stability_60ep,A2 Seed Stability (60ep),60ep nuScenes-mini,1,order,A2-order-dyn,A2 seed42,variant,success/test,50.961708068847656,60,75719,51.54158020019531,45,56789,0.5798721313476562,46.82768154144287,6.5464876965080885,50.9858,52.2834,-0.024091931152341317,-0.7418197998046878,old positive seed42 signal
a2_seed_stability_60ep,A2 Seed Stability (60ep),60ep nuScenes-mini,1,order,A2-order-dyn,A2 seed42,variant,precision/test,63.31401062011719,60,75719,63.573307037353516,10,12619,0.2592964172363281,57.76294803619385,9.903122816696325,59.9617,65.2144,3.352310620117187,-1.641092962646482,old positive seed42 signal
a2_seed_stability_60ep,A2 Seed Stability (60ep),60ep nuScenes-mini,2,latest,A2-order-dyn seed43,A2 seed43,variant,success/test,23.640047073364258,60,75720,45.92232131958008,5,6310,22.28227424621582,30.38129186630249,7.644551218096358,50.9858,52.2834,-27.34575292663574,-6.361078680419922,latest seed43 collapse
a2_seed_stability_60ep,A2 Seed Stability (60ep),60ep nuScenes-mini,2,latest,A2-order-dyn seed43,A2 seed43,variant,precision/test,23.765865325927734,60,75720,54.87964630126953,10,12620,31.113780975341797,35.552609284718834,11.859909025092493,59.9617,65.2144,-36.195834674072266,-10.334753698730466,latest seed43 collapse
a2_seed_stability_60ep,A2 Seed Stability (60ep),60ep nuScenes-mini,3,latest,A2-order-dyn seed44,A2 seed44,variant,success/test,46.904815673828125,60,75720,50.228668212890625,50,63100,3.3238525390625,41.98468462626139,6.557329721180235,50.9858,52.2834,-4.080984326171873,-2.0547317871093753,latest seed44 partial recovery
a2_seed_stability_60ep,A2 Seed Stability (60ep),60ep nuScenes-mini,3,latest,A2-order-dyn seed44,A2 seed44,variant,precision/test,52.62253952026367,60,75720,58.192562103271484,50,63100,5.5700225830078125,48.43982537587484,9.011197500774399,59.9617,65.2144,-7.339160479736329,-7.021837896728513,latest seed44 partial recovery
long_training_180ep,Long Training Stability (180ep),180ep nuScenes-mini,0,long180,SeqTrack baseline 180ep,Baseline 180ep,baseline,success/test,51.33588790893555,180,227160,52.06454849243164,80,100960,0.7286605834960938,49.85436577267117,2.8266540109226392,51.33588790893555,52.06454849243164,0.0,0.0,baseline
long_training_180ep,Long Training Stability (180ep),180ep nuScenes-mini,0,long180,SeqTrack baseline 180ep,Baseline 180ep,baseline,precision/test,60.1466064453125,180,227160,63.70459747314453,10,12620,3.5579910278320312,58.16949356926812,4.82155868107624,60.1466064453125,63.70459747314453,0.0,0.0,baseline
long_training_180ep,Long Training Stability (180ep),180ep nuScenes-mini,1,long180,CT-SeqTrack A2-order-dyn 180ep,A2 180ep,variant,success/test,30.81728744506836,180,227160,46.891685485839844,10,12620,16.074398040771484,32.28179020351834,3.6972125396172077,51.33588790893555,52.06454849243164,-20.518600463867188,-5.172863006591797,A2 long training
long_training_180ep,Long Training Stability (180ep),180ep nuScenes-mini,1,long180,CT-SeqTrack A2-order-dyn 180ep,A2 180ep,variant,precision/test,34.40918731689453,180,227160,55.76149368286133,15,18930,21.352306365966797,36.80576864878336,5.681955073588663,60.1466064453125,63.70459747314453,-25.73741912841797,-7.943103790283203,A2 long training
long_training_180ep,Long Training Stability (180ep),180ep nuScenes-mini,2,long180,CT-SeqTrack A3-conf-res-gate 180ep,A3 conf-res 180ep,variant,success/test,28.464990615844727,180,227160,30.12801170349121,10,12620,1.6630210876464844,28.02163971794976,1.6038764125533909,51.33588790893555,52.06454849243164,-22.87089729309082,-21.93653678894043,A3 long training
long_training_180ep,Long Training Stability (180ep),180ep nuScenes-mini,2,long180,CT-SeqTrack A3-conf-res-gate 180ep,A3 conf-res 180ep,variant,precision/test,27.277902603149414,180,227160,35.596282958984375,5,6310,8.318380355834961,27.01066795984904,2.0832423652487515,60.1466064453125,63.70459747314453,-32.868703842163086,-28.108314514160156,A3 long training
