model,metric,point_idx,epoch,step,value
SeqTrack baseline 180ep,success/test,0,5,6310,46.46061706542969
SeqTrack baseline 180ep,success/test,1,10,12620,31.657548904418945
SeqTrack baseline 180ep,success/test,2,15,18930,35.729759216308594
SeqTrack baseline 180ep,success/test,3,20,25240,43.73194885253906
SeqTrack baseline 180ep,success/test,4,25,31550,49.257110595703125
SeqTrack baseline 180ep,success/test,5,30,37860,47.86323928833008
SeqTrack baseline 180ep,success/test,6,35,44170,49.847923278808594
SeqTrack baseline 180ep,success/test,7,40,50480,45.37964630126953
SeqTrack baseline 180ep,success/test,8,45,56790,51.421226501464844
SeqTrack baseline 180ep,success/test,9,50,63100,49.23085403442383
SeqTrack baseline 180ep,success/test,10,55,69410,48.6181640625
SeqTrack baseline 180ep,success/test,11,60,75720,50.13239288330078
SeqTrack baseline 180ep,success/test,12,65,82030,50.07112121582031
SeqTrack baseline 180ep,success/test,13,70,88340,50.0010986328125
SeqTrack baseline 180ep,success/test,14,75,94650,49.30744171142578
SeqTrack baseline 180ep,success/test,15,80,100960,49.8807487487793
SeqTrack baseline 180ep,success/test,16,85,107270,49.67724609375
SeqTrack baseline 180ep,success/test,17,90,113580,49.70787811279297
SeqTrack baseline 180ep,success/test,18,95,119890,50.876365661621094
SeqTrack baseline 180ep,success/test,19,100,126200,49.4978141784668
SeqTrack baseline 180ep,success/test,20,105,132510,49.64004135131836
SeqTrack baseline 180ep,success/test,21,110,138820,49.204593658447266
SeqTrack baseline 180ep,success/test,22,115,145130,49.79103088378906
SeqTrack baseline 180ep,success/test,23,120,151440,48.96608352661133
SeqTrack baseline 180ep,success/test,24,125,157750,49.751644134521484
SeqTrack baseline 180ep,success/test,25,130,164060,49.745079040527344
SeqTrack baseline 180ep,success/test,26,135,170370,49.721004486083984
SeqTrack baseline 180ep,success/test,27,140,176680,49.23741912841797
SeqTrack baseline 180ep,success/test,28,145,182990,50.09737777709961
SeqTrack baseline 180ep,success/test,29,150,189300,49.74070358276367
SeqTrack baseline 180ep,success/test,30,155,195610,49.32713317871094
SeqTrack baseline 180ep,success/test,31,160,201920,50.44091796875
SeqTrack baseline 180ep,success/test,32,165,208230,50.12363052368164
SeqTrack baseline 180ep,success/test,33,170,214540,49.24617385864258
SeqTrack baseline 180ep,success/test,34,175,220850,49.4671745300293
SeqTrack baseline 180ep,success/test,35,180,227160,49.15427017211914
SeqTrack baseline 180ep,precision/test,0,5,6310,49.263675689697266
SeqTrack baseline 180ep,precision/test,1,10,12620,31.5010929107666
SeqTrack baseline 180ep,precision/test,2,15,18930,33.903717041015625
SeqTrack baseline 180ep,precision/test,3,20,25240,56.240699768066406
SeqTrack baseline 180ep,precision/test,4,25,31550,54.716636657714844
SeqTrack baseline 180ep,precision/test,5,30,37860,51.92341232299805
SeqTrack baseline 180ep,precision/test,6,35,44170,55.94748306274414
SeqTrack baseline 180ep,precision/test,7,40,50480,48.78118133544922
SeqTrack baseline 180ep,precision/test,8,45,56790,58.70677947998047
SeqTrack baseline 180ep,precision/test,9,50,63100,55.368709564208984
SeqTrack baseline 180ep,precision/test,10,55,69410,56.554710388183594
SeqTrack baseline 180ep,precision/test,11,60,75720,56.48030471801758
SeqTrack baseline 180ep,precision/test,12,65,82030,56.226478576660156
SeqTrack baseline 180ep,precision/test,13,70,88340,55.66958236694336
SeqTrack baseline 180ep,precision/test,14,75,94650,54.84901809692383
SeqTrack baseline 180ep,precision/test,15,80,100960,55.31728744506836
SeqTrack baseline 180ep,precision/test,16,85,107270,55.853389739990234
SeqTrack baseline 180ep,precision/test,17,90,113580,55.68819046020508
SeqTrack baseline 180ep,precision/test,18,95,119890,57.46281051635742
SeqTrack baseline 180ep,precision/test,19,100,126200,55.367618560791016
SeqTrack baseline 180ep,precision/test,20,105,132510,55.81837844848633
SeqTrack baseline 180ep,precision/test,21,110,138820,54.91356658935547
SeqTrack baseline 180ep,precision/test,22,115,145130,55.55360794067383
SeqTrack baseline 180ep,precision/test,23,120,151440,54.98905944824219
SeqTrack baseline 180ep,precision/test,24,125,157750,55.58753204345703
SeqTrack baseline 180ep,precision/test,25,130,164060,55.745079040527344
SeqTrack baseline 180ep,precision/test,26,135,170370,55.65973663330078
SeqTrack baseline 180ep,precision/test,27,140,176680,54.93217086791992
SeqTrack baseline 180ep,precision/test,28,145,182990,56.63019943237305
SeqTrack baseline 180ep,precision/test,29,150,189300,55.67724609375
SeqTrack baseline 180ep,precision/test,30,155,195610,55.16411209106445
SeqTrack baseline 180ep,precision/test,31,160,201920,57.09190368652344
SeqTrack baseline 180ep,precision/test,32,165,208230,56.22538375854492
SeqTrack baseline 180ep,precision/test,33,170,214540,54.92231750488281
SeqTrack baseline 180ep,precision/test,34,175,220850,55.51422119140625
SeqTrack baseline 180ep,precision/test,35,180,227160,54.90700149536133
CT-SeqTrack A2-order-dyn 180ep,success/test,0,5,6310,32.28774642944336
CT-SeqTrack A2-order-dyn 180ep,success/test,1,10,12620,33.01859664916992
CT-SeqTrack A2-order-dyn 180ep,success/test,2,15,18930,31.788841247558594
CT-SeqTrack A2-order-dyn 180ep,success/test,3,20,25240,33.53282165527344
CT-SeqTrack A2-order-dyn 180ep,success/test,4,25,31550,43.11487579345703
CT-SeqTrack A2-order-dyn 180ep,success/test,5,30,37860,36.27024459838867
CT-SeqTrack A2-order-dyn 180ep,success/test,6,35,44170,33.22209930419922
CT-SeqTrack A2-order-dyn 180ep,success/test,7,40,50480,34.589717864990234
CT-SeqTrack A2-order-dyn 180ep,success/test,8,45,56790,33.40810012817383
CT-SeqTrack A2-order-dyn 180ep,success/test,9,50,63100,32.948577880859375
CT-SeqTrack A2-order-dyn 180ep,success/test,10,55,69410,34.053611755371094
CT-SeqTrack A2-order-dyn 180ep,success/test,11,60,75720,31.7341365814209
CT-SeqTrack A2-order-dyn 180ep,success/test,12,65,82030,32.278995513916016
CT-SeqTrack A2-order-dyn 180ep,success/test,13,70,88340,32.88512420654297
CT-SeqTrack A2-order-dyn 180ep,success/test,14,75,94650,32.933258056640625
CT-SeqTrack A2-order-dyn 180ep,success/test,15,80,100960,32.580963134765625
CT-SeqTrack A2-order-dyn 180ep,success/test,16,85,107270,32.14113998413086
CT-SeqTrack A2-order-dyn 180ep,success/test,17,90,113580,31.795406341552734
CT-SeqTrack A2-order-dyn 180ep,success/test,18,95,119890,32.3796501159668
CT-SeqTrack A2-order-dyn 180ep,success/test,19,100,126200,32.70131301879883
CT-SeqTrack A2-order-dyn 180ep,success/test,20,105,132510,33.73413848876953
CT-SeqTrack A2-order-dyn 180ep,success/test,21,110,138820,33.322757720947266
CT-SeqTrack A2-order-dyn 180ep,success/test,22,115,145130,32.381839752197266
CT-SeqTrack A2-order-dyn 180ep,success/test,23,120,151440,32.701316833496094
CT-SeqTrack A2-order-dyn 180ep,success/test,24,125,157750,32.5
CT-SeqTrack A2-order-dyn 180ep,success/test,25,130,164060,32.904815673828125
CT-SeqTrack A2-order-dyn 180ep,success/test,26,135,170370,32.78445816040039
CT-SeqTrack A2-order-dyn 180ep,success/test,27,140,176680,32.69255828857422
CT-SeqTrack A2-order-dyn 180ep,success/test,28,145,182990,32.54376220703125
CT-SeqTrack A2-order-dyn 180ep,success/test,29,150,189300,32.30525207519531
CT-SeqTrack A2-order-dyn 180ep,success/test,30,155,195610,32.535011291503906
CT-SeqTrack A2-order-dyn 180ep,success/test,31,160,201920,32.47373962402344
CT-SeqTrack A2-order-dyn 180ep,success/test,32,165,208230,31.716632843017578
CT-SeqTrack A2-order-dyn 180ep,success/test,33,170,214540,32.020790100097656
CT-SeqTrack A2-order-dyn 180ep,success/test,34,175,220850,31.712255477905273
CT-SeqTrack A2-order-dyn 180ep,success/test,35,180,227160,32.34026336669922
CT-SeqTrack A2-order-dyn 180ep,precision/test,0,5,6310,31.356674194335938
CT-SeqTrack A2-order-dyn 180ep,precision/test,1,10,12620,38.30415725708008
CT-SeqTrack A2-order-dyn 180ep,precision/test,2,15,18930,31.205690383911133
CT-SeqTrack A2-order-dyn 180ep,precision/test,3,20,25240,37.12909698486328
CT-SeqTrack A2-order-dyn 180ep,precision/test,4,25,31550,50.16301727294922
CT-SeqTrack A2-order-dyn 180ep,precision/test,5,30,37860,39.754920959472656
CT-SeqTrack A2-order-dyn 180ep,precision/test,6,35,44170,37.10503005981445
CT-SeqTrack A2-order-dyn 180ep,precision/test,7,40,50480,39.206787109375
CT-SeqTrack A2-order-dyn 180ep,precision/test,8,45,56790,38.06236267089844
CT-SeqTrack A2-order-dyn 180ep,precision/test,9,50,63100,37.213348388671875
CT-SeqTrack A2-order-dyn 180ep,precision/test,10,55,69410,39.53938674926758
CT-SeqTrack A2-order-dyn 180ep,precision/test,11,60,75720,35.56236267089844
CT-SeqTrack A2-order-dyn 180ep,precision/test,12,65,82030,36.27461624145508
CT-SeqTrack A2-order-dyn 180ep,precision/test,13,70,88340,37.711158752441406
CT-SeqTrack A2-order-dyn 180ep,precision/test,14,75,94650,37.51641082763672
CT-SeqTrack A2-order-dyn 180ep,precision/test,15,80,100960,37.32604217529297
CT-SeqTrack A2-order-dyn 180ep,precision/test,16,85,107270,35.824947357177734
CT-SeqTrack A2-order-dyn 180ep,precision/test,17,90,113580,35.634578704833984
CT-SeqTrack A2-order-dyn 180ep,precision/test,18,95,119890,36.72428894042969
CT-SeqTrack A2-order-dyn 180ep,precision/test,19,100,126200,37.31181716918945
CT-SeqTrack A2-order-dyn 180ep,precision/test,20,105,132510,39.10721969604492
CT-SeqTrack A2-order-dyn 180ep,precision/test,21,110,138820,37.587528228759766
CT-SeqTrack A2-order-dyn 180ep,precision/test,22,115,145130,36.72428894042969
CT-SeqTrack A2-order-dyn 180ep,precision/test,23,120,151440,37.28227615356445
CT-SeqTrack A2-order-dyn 180ep,precision/test,24,125,157750,36.40481948852539
CT-SeqTrack A2-order-dyn 180ep,precision/test,25,130,164060,37.06017303466797
CT-SeqTrack A2-order-dyn 180ep,precision/test,26,135,170370,37.30306625366211
CT-SeqTrack A2-order-dyn 180ep,precision/test,27,140,176680,37.3205680847168
CT-SeqTrack A2-order-dyn 180ep,precision/test,28,145,182990,36.37746047973633
CT-SeqTrack A2-order-dyn 180ep,precision/test,29,150,189300,36.19365310668945
CT-SeqTrack A2-order-dyn 180ep,precision/test,30,155,195610,36.82713317871094
CT-SeqTrack A2-order-dyn 180ep,precision/test,31,160,201920,36.81838607788086
CT-SeqTrack A2-order-dyn 180ep,precision/test,32,165,208230,35.49562454223633
CT-SeqTrack A2-order-dyn 180ep,precision/test,33,170,214540,35.68052673339844
CT-SeqTrack A2-order-dyn 180ep,precision/test,34,175,220850,35.39715576171875
CT-SeqTrack A2-order-dyn 180ep,precision/test,35,180,227160,36.763675689697266
