run_key,method,evaluation_mode,online_comparable,metric,epoch,step,value,source_tag,source_path
seqtrack_plain_seed42,SeqTrack3D plain,online_gt_free,True,success,5,6310,40.696937561035156,metrics/test,D:\desktop\research\seqtrack\output\20260528-1633-seqtrack3d_nuscenes_mini-seqtrack_mini_baseline_car_60ep_bs16\lightning_logs\version_0
seqtrack_plain_seed42,SeqTrack3D plain,online_gt_free,True,success,10,12620,46.09081268310547,metrics/test,D:\desktop\research\seqtrack\output\20260528-1633-seqtrack3d_nuscenes_mini-seqtrack_mini_baseline_car_60ep_bs16\lightning_logs\version_0
seqtrack_plain_seed42,SeqTrack3D plain,online_gt_free,True,success,15,18930,45.729759216308594,metrics/test,D:\desktop\research\seqtrack\output\20260528-1633-seqtrack3d_nuscenes_mini-seqtrack_mini_baseline_car_60ep_bs16\lightning_logs\version_0
seqtrack_plain_seed42,SeqTrack3D plain,online_gt_free,True,success,20,25240,42.8851203918457,metrics/test,D:\desktop\research\seqtrack\output\20260528-1633-seqtrack3d_nuscenes_mini-seqtrack_mini_baseline_car_60ep_bs16\lightning_logs\version_0
seqtrack_plain_seed42,SeqTrack3D plain,online_gt_free,True,success,25,31550,51.736324310302734,metrics/test,D:\desktop\research\seqtrack\output\20260528-1633-seqtrack3d_nuscenes_mini-seqtrack_mini_baseline_car_60ep_bs16\lightning_logs\version_0
seqtrack_plain_seed42,SeqTrack3D plain,online_gt_free,True,success,30,37860,48.92888259887695,metrics/test,D:\desktop\research\seqtrack\output\20260528-1633-seqtrack3d_nuscenes_mini-seqtrack_mini_baseline_car_60ep_bs16\lightning_logs\version_0
seqtrack_plain_seed42,SeqTrack3D plain,online_gt_free,True,success,35,44170,52.28337097167969,metrics/test,D:\desktop\research\seqtrack\output\20260528-1633-seqtrack3d_nuscenes_mini-seqtrack_mini_baseline_car_60ep_bs16\lightning_logs\version_0
seqtrack_plain_seed42,SeqTrack3D plain,online_gt_free,True,success,40,50480,46.47811508178711,metrics/test,D:\desktop\research\seqtrack\output\20260528-1633-seqtrack3d_nuscenes_mini-seqtrack_mini_baseline_car_60ep_bs16\lightning_logs\version_0
seqtrack_plain_seed42,SeqTrack3D plain,online_gt_free,True,success,45,56790,50.462799072265625,metrics/test,D:\desktop\research\seqtrack\output\20260528-1633-seqtrack3d_nuscenes_mini-seqtrack_mini_baseline_car_60ep_bs16\lightning_logs\version_0
seqtrack_plain_seed42,SeqTrack3D plain,online_gt_free,True,success,50,63100,50.2024040222168,metrics/test,D:\desktop\research\seqtrack\output\20260528-1633-seqtrack3d_nuscenes_mini-seqtrack_mini_baseline_car_60ep_bs16\lightning_logs\version_0
seqtrack_plain_seed42,SeqTrack3D plain,online_gt_free,True,success,55,69410,49.13457489013672,metrics/test,D:\desktop\research\seqtrack\output\20260528-1633-seqtrack3d_nuscenes_mini-seqtrack_mini_baseline_car_60ep_bs16\lightning_logs\version_0
seqtrack_plain_seed42,SeqTrack3D plain,online_gt_free,True,success,60,75720,50.98577880859375,metrics/test,D:\desktop\research\seqtrack\output\20260528-1633-seqtrack3d_nuscenes_mini-seqtrack_mini_baseline_car_60ep_bs16\lightning_logs\version_0
seqtrack_plain_seed42,SeqTrack3D plain,online_gt_free,True,precision,5,6310,41.869808197021484,metrics/test,D:\desktop\research\seqtrack\output\20260528-1633-seqtrack3d_nuscenes_mini-seqtrack_mini_baseline_car_60ep_bs16\lightning_logs\version_0
seqtrack_plain_seed42,SeqTrack3D plain,online_gt_free,True,precision,10,12620,65.21444702148438,metrics/test,D:\desktop\research\seqtrack\output\20260528-1633-seqtrack3d_nuscenes_mini-seqtrack_mini_baseline_car_60ep_bs16\lightning_logs\version_0
seqtrack_plain_seed42,SeqTrack3D plain,online_gt_free,True,precision,15,18930,50.54158020019531,metrics/test,D:\desktop\research\seqtrack\output\20260528-1633-seqtrack3d_nuscenes_mini-seqtrack_mini_baseline_car_60ep_bs16\lightning_logs\version_0
seqtrack_plain_seed42,SeqTrack3D plain,online_gt_free,True,precision,20,25240,49.23085403442383,metrics/test,D:\desktop\research\seqtrack\output\20260528-1633-seqtrack3d_nuscenes_mini-seqtrack_mini_baseline_car_60ep_bs16\lightning_logs\version_0
seqtrack_plain_seed42,SeqTrack3D plain,online_gt_free,True,precision,25,31550,60.63239669799805,metrics/test,D:\desktop\research\seqtrack\output\20260528-1633-seqtrack3d_nuscenes_mini-seqtrack_mini_baseline_car_60ep_bs16\lightning_logs\version_0
seqtrack_plain_seed42,SeqTrack3D plain,online_gt_free,True,precision,30,37860,53.90918731689453,metrics/test,D:\desktop\research\seqtrack\output\20260528-1633-seqtrack3d_nuscenes_mini-seqtrack_mini_baseline_car_60ep_bs16\lightning_logs\version_0
seqtrack_plain_seed42,SeqTrack3D plain,online_gt_free,True,precision,35,44170,62.339168548583984,metrics/test,D:\desktop\research\seqtrack\output\20260528-1633-seqtrack3d_nuscenes_mini-seqtrack_mini_baseline_car_60ep_bs16\lightning_logs\version_0
seqtrack_plain_seed42,SeqTrack3D plain,online_gt_free,True,precision,40,50480,51.1739616394043,metrics/test,D:\desktop\research\seqtrack\output\20260528-1633-seqtrack3d_nuscenes_mini-seqtrack_mini_baseline_car_60ep_bs16\lightning_logs\version_0
seqtrack_plain_seed42,SeqTrack3D plain,online_gt_free,True,precision,45,56790,59.610504150390625,metrics/test,D:\desktop\research\seqtrack\output\20260528-1633-seqtrack3d_nuscenes_mini-seqtrack_mini_baseline_car_60ep_bs16\lightning_logs\version_0
seqtrack_plain_seed42,SeqTrack3D plain,online_gt_free,True,precision,50,63100,57.308536529541016,metrics/test,D:\desktop\research\seqtrack\output\20260528-1633-seqtrack3d_nuscenes_mini-seqtrack_mini_baseline_car_60ep_bs16\lightning_logs\version_0
seqtrack_plain_seed42,SeqTrack3D plain,online_gt_free,True,precision,55,69410,59.318382263183594,metrics/test,D:\desktop\research\seqtrack\output\20260528-1633-seqtrack3d_nuscenes_mini-seqtrack_mini_baseline_car_60ep_bs16\lightning_logs\version_0
seqtrack_plain_seed42,SeqTrack3D plain,online_gt_free,True,precision,60,75720,59.96171188354492,metrics/test,D:\desktop\research\seqtrack\output\20260528-1633-seqtrack3d_nuscenes_mini-seqtrack_mini_baseline_car_60ep_bs16\lightning_logs\version_0
trajtrack_gt_assisted_seed42,TrajTrack,gt_assisted_refinement,False,success,5,6310,65.22682189941406,success,/home/lishengjie/study/lcyu/trajtrack/work_dirs/trajtrack_car_mini_seqtrack_protocol_seed42_gpu0_20260714-175518/20260714_175547/vis_data/scalars.json
trajtrack_gt_assisted_seed42,TrajTrack,gt_assisted_refinement,False,precision,5,6310,76.48267364501953,precision,/home/lishengjie/study/lcyu/trajtrack/work_dirs/trajtrack_car_mini_seqtrack_protocol_seed42_gpu0_20260714-175518/20260714_175547/vis_data/scalars.json
trajtrack_gt_assisted_seed42,TrajTrack,gt_assisted_refinement,False,success,10,12620,58.359622955322266,success,/home/lishengjie/study/lcyu/trajtrack/work_dirs/trajtrack_car_mini_seqtrack_protocol_seed42_gpu0_20260714-175518/20260714_175547/vis_data/scalars.json
trajtrack_gt_assisted_seed42,TrajTrack,gt_assisted_refinement,False,precision,10,12620,66.54205322265625,precision,/home/lishengjie/study/lcyu/trajtrack/work_dirs/trajtrack_car_mini_seqtrack_protocol_seed42_gpu0_20260714-175518/20260714_175547/vis_data/scalars.json
trajtrack_gt_assisted_seed42,TrajTrack,gt_assisted_refinement,False,success,15,18930,64.9990234375,success,/home/lishengjie/study/lcyu/trajtrack/work_dirs/trajtrack_car_mini_seqtrack_protocol_seed42_gpu0_20260714-175518/20260714_175547/vis_data/scalars.json
trajtrack_gt_assisted_seed42,TrajTrack,gt_assisted_refinement,False,precision,15,18930,78.05198669433594,precision,/home/lishengjie/study/lcyu/trajtrack/work_dirs/trajtrack_car_mini_seqtrack_protocol_seed42_gpu0_20260714-175518/20260714_175547/vis_data/scalars.json
trajtrack_gt_assisted_seed42,TrajTrack,gt_assisted_refinement,False,success,20,25240,68.13375854492188,success,/home/lishengjie/study/lcyu/trajtrack/work_dirs/trajtrack_car_mini_seqtrack_protocol_seed42_gpu0_20260714-175518/20260714_175547/vis_data/scalars.json
trajtrack_gt_assisted_seed42,TrajTrack,gt_assisted_refinement,False,precision,20,25240,80.78271484375,precision,/home/lishengjie/study/lcyu/trajtrack/work_dirs/trajtrack_car_mini_seqtrack_protocol_seed42_gpu0_20260714-175518/20260714_175547/vis_data/scalars.json
trajtrack_gt_assisted_seed42,TrajTrack,gt_assisted_refinement,False,success,25,31550,66.01732635498047,success,/home/lishengjie/study/lcyu/trajtrack/work_dirs/trajtrack_car_mini_seqtrack_protocol_seed42_gpu0_20260714-175518/20260714_175547/vis_data/scalars.json
trajtrack_gt_assisted_seed42,TrajTrack,gt_assisted_refinement,False,precision,25,31550,78.69839477539062,precision,/home/lishengjie/study/lcyu/trajtrack/work_dirs/trajtrack_car_mini_seqtrack_protocol_seed42_gpu0_20260714-175518/20260714_175547/vis_data/scalars.json
trajtrack_gt_assisted_seed42,TrajTrack,gt_assisted_refinement,False,success,30,37860,64.98929595947266,success,/home/lishengjie/study/lcyu/trajtrack/work_dirs/trajtrack_car_mini_seqtrack_protocol_seed42_gpu0_20260714-175518/20260714_175547/vis_data/scalars.json
trajtrack_gt_assisted_seed42,TrajTrack,gt_assisted_refinement,False,precision,30,37860,77.35105895996094,precision,/home/lishengjie/study/lcyu/trajtrack/work_dirs/trajtrack_car_mini_seqtrack_protocol_seed42_gpu0_20260714-175518/20260714_175547/vis_data/scalars.json
trajtrack_gt_assisted_seed42,TrajTrack,gt_assisted_refinement,False,success,35,44170,66.6092300415039,success,/home/lishengjie/study/lcyu/trajtrack/work_dirs/trajtrack_car_mini_seqtrack_protocol_seed42_gpu0_20260714-175518/20260714_175547/vis_data/scalars.json
trajtrack_gt_assisted_seed42,TrajTrack,gt_assisted_refinement,False,precision,35,44170,78.8746109008789,precision,/home/lishengjie/study/lcyu/trajtrack/work_dirs/trajtrack_car_mini_seqtrack_protocol_seed42_gpu0_20260714-175518/20260714_175547/vis_data/scalars.json
trajtrack_gt_assisted_seed42,TrajTrack,gt_assisted_refinement,False,success,40,50480,64.86858367919922,success,/home/lishengjie/study/lcyu/trajtrack/work_dirs/trajtrack_car_mini_seqtrack_protocol_seed42_gpu0_20260714-175518/20260714_175547/vis_data/scalars.json
trajtrack_gt_assisted_seed42,TrajTrack,gt_assisted_refinement,False,precision,40,50480,76.88571166992188,precision,/home/lishengjie/study/lcyu/trajtrack/work_dirs/trajtrack_car_mini_seqtrack_protocol_seed42_gpu0_20260714-175518/20260714_175547/vis_data/scalars.json
trajtrack_gt_assisted_seed42,TrajTrack,gt_assisted_refinement,False,success,45,56790,63.235008239746094,success,/home/lishengjie/study/lcyu/trajtrack/work_dirs/trajtrack_car_mini_seqtrack_protocol_seed42_gpu0_20260714-175518/20260714_175547/vis_data/scalars.json
trajtrack_gt_assisted_seed42,TrajTrack,gt_assisted_refinement,False,precision,45,56790,77.56230163574219,precision,/home/lishengjie/study/lcyu/trajtrack/work_dirs/trajtrack_car_mini_seqtrack_protocol_seed42_gpu0_20260714-175518/20260714_175547/vis_data/scalars.json
trajtrack_gt_assisted_seed42,TrajTrack,gt_assisted_refinement,False,success,50,63100,65.08858489990234,success,/home/lishengjie/study/lcyu/trajtrack/work_dirs/trajtrack_car_mini_seqtrack_protocol_seed42_gpu0_20260714-175518/20260714_175547/vis_data/scalars.json
trajtrack_gt_assisted_seed42,TrajTrack,gt_assisted_refinement,False,precision,50,63100,78.30899810791016,precision,/home/lishengjie/study/lcyu/trajtrack/work_dirs/trajtrack_car_mini_seqtrack_protocol_seed42_gpu0_20260714-175518/20260714_175547/vis_data/scalars.json
trajtrack_gt_assisted_seed42,TrajTrack,gt_assisted_refinement,False,success,55,69410,63.97098922729492,success,/home/lishengjie/study/lcyu/trajtrack/work_dirs/trajtrack_car_mini_seqtrack_protocol_seed42_gpu0_20260714-175518/20260714_175547/vis_data/scalars.json
trajtrack_gt_assisted_seed42,TrajTrack,gt_assisted_refinement,False,precision,55,69410,77.05997467041016,precision,/home/lishengjie/study/lcyu/trajtrack/work_dirs/trajtrack_car_mini_seqtrack_protocol_seed42_gpu0_20260714-175518/20260714_175547/vis_data/scalars.json
trajtrack_gt_assisted_seed42,TrajTrack,gt_assisted_refinement,False,success,60,75720,64.94256591796875,success,/home/lishengjie/study/lcyu/trajtrack/work_dirs/trajtrack_car_mini_seqtrack_protocol_seed42_gpu0_20260714-175518/20260714_175547/vis_data/scalars.json
trajtrack_gt_assisted_seed42,TrajTrack,gt_assisted_refinement,False,precision,60,75720,79.0722427368164,precision,/home/lishengjie/study/lcyu/trajtrack/work_dirs/trajtrack_car_mini_seqtrack_protocol_seed42_gpu0_20260714-175518/20260714_175547/vis_data/scalars.json
